player_name,team_abbreviation,age,player_height,player_weight,country,draft_year,draft_round,draft_number,gp,pts,reb,ast,net_rating,oreb_pct,dreb_pct,usg_pct,ts_pct,ast_pct,season,predicted_pts
Quentin Grimes,NYK,23.0,195.58,95.25432,USA,2021,1,25,71,11.3,3.2,2.1,4.4,0.022,0.085,0.142,0.619,0.096,2022,10.300999999999998
Quenton Jackson,WAS,24.0,195.58,78.471416,USA,Undrafted,0,0,9,6.2,0.9,1.7,-6.7,0.0139999999999999,0.044,0.1639999999999999,0.542,0.155,2022,5.741999999999999
Pat Connaughton,MIL,30.0,195.58,94.800728,USA,2015,2,41,61,7.6,4.6,1.3,3.4,0.033,0.144,0.133,0.531,0.069,2022,7.3379999999999965
RJ Barrett,NYK,23.0,198.12,97.068688,Canada,2019,1,3,73,19.6,5.0,2.8,-1.2,0.023,0.121,0.256,0.531,0.124,2022,19.048
Precious Achiuwa,TOR,23.0,203.2,102.0582,Nigeria,2020,1,20,55,9.2,6.0,0.9,-1.6,0.083,0.213,0.19,0.5539999999999999,0.063,2022,9.565999999999999
RaiQuan Gray,BKN,23.0,200.66,122.016248,USA,2021,2,59,1,16.0,9.0,7.0,-17.5,0.075,0.176,0.205,0.621,0.35,2022,14.533
R.J. Hampton,DET,22.0,193.04,79.3786,USA,2020,1,24,47,6.4,1.9,1.1,-8.7,0.024,0.093,0.175,0.5579999999999999,0.11,2022,6.225999999999998
Peyton Watson,DEN,20.0,200.66,90.7184,USA,2022,1,30,23,3.3,1.6,0.5,-12.0,0.043,0.139,0.174,0.5529999999999999,0.087,2022,3.3079999999999985
Patrick Beverley,CHI,34.0,187.96,81.64656,USA,2009,2,42,67,6.2,3.7,2.9,-1.5,0.025,0.111,0.107,0.534,0.1369999999999999,2022,6.147
Paul Reed,PHI,24.0,205.74,95.25432,USA,2020,2,58,69,4.2,3.8,0.4,-0.4,0.147,0.207,0.152,0.62,0.051,2022,4.804000000000001
Paul George,LAC,33.0,203.2,99.79024,USA,2010,1,10,56,23.8,6.1,5.1,4.0,0.025,0.153,0.294,0.588,0.237,2022,24.50900000000001
Patty Mills,BKN,34.0,182.88,81.64656,Australia,2009,2,55,40,6.2,1.1,1.4,-5.8,0.0139999999999999,0.062,0.182,0.5539999999999999,0.136,2022,5.934999999999999
Pascal Siakam,TOR,29.0,203.2,104.32616,Cameroon,2016,1,27,71,24.2,7.8,5.8,2.4,0.047,0.177,0.27,0.565,0.244,2022,21.624999999999996
Patrick Williams,CHI,21.0,200.66,97.52228,USA,2020,1,4,82,10.2,4.0,1.2,-2.4,0.036,0.107,0.156,0.5760000000000001,0.059,2022,10.267999999999999
Patrick Baldwin,GSW,20.0,205.74,99.79024,USA,2022,1,28,31,3.9,1.3,0.4,-12.3,0.004,0.188,0.2269999999999999,0.546,0.083,2022,3.685000000000001
Raul Neto,CLE,31.0,187.96,81.64656,Brazil,2013,2,47,48,3.3,1.0,1.6,1.4,0.022,0.071,0.133,0.628,0.226,2022,3.6440000000000015
Payton Pritchard,BOS,25.0,185.42,88.45044,USA,2020,1,26,48,5.6,1.8,1.3,1.4,0.038,0.094,0.193,0.536,0.153,2022,5.732
Reggie Bullock,DAL,32.0,198.12,92.98636,USA,2013,1,25,78,7.2,3.6,1.4,-1.8,0.0139999999999999,0.1119999999999999,0.098,0.5770000000000001,0.063,2022,6.597
Russell Westbrook,LAC,34.0,190.5,90.7184,USA,2008,1,4,73,15.9,5.8,7.5,-0.2,0.042,0.147,0.266,0.513,0.364,2022,18.170999999999996
Richaun Holmes,SAC,29.0,203.2,106.59412,USA,2015,2,37,42,3.1,1.9,0.2,-9.3,0.0819999999999999,0.149,0.132,0.6679999999999999,0.04,2022,2.918
Saddiq Bey,ATL,24.0,200.66,97.52228,USA,2020,1,19,77,13.8,4.7,1.5,-3.1,0.044,0.127,0.1939999999999999,0.564,0.08,2022,13.502000000000002
Paolo Banchero,ORL,20.0,208.28,113.398,USA,2022,1,1,72,20.0,6.9,3.7,-4.2,0.035,0.174,0.272,0.529,0.171,2022,20.738000000000003
Sam Hauser,BOS,25.0,200.66,98.429464,USA,Undrafted,0,0,80,6.4,2.6,0.9,7.7,0.027,0.121,0.141,0.634,0.076,2022,6.498999999999999
Saben Lee,PHX,24.0,187.96,83.007336,USA,2020,2,38,25,6.0,1.8,2.7,-4.4,0.03,0.0819999999999999,0.184,0.517,0.278,2022,6.798999999999998
Ryan Rollins,GSW,20.0,190.5,81.64656,USA,2022,2,44,12,1.9,1.0,0.5,-38.1,0.043,0.153,0.26,0.508,0.214,2022,2.491000000000001
Ryan Arcidiacono,POR,29.0,190.5,88.45044,USA,Undrafted,0,0,20,1.3,0.8,1.2,-12.8,0.0,0.09,0.106,0.351,0.195,2022,1.3389999999999993
Rui Hachimura,LAL,25.0,203.2,104.32616,Japan,2019,1,9,63,11.2,4.5,0.9,-1.2,0.036,0.141,0.1939999999999999,0.556,0.06,2022,11.880999999999997
Rudy Gobert,MIN,31.0,215.9,117.026736,France,2013,1,27,70,13.4,11.6,1.2,0.4,0.111,0.26,0.161,0.675,0.0579999999999999,2022,12.400999999999996
Rudy Gay,UTA,36.0,203.2,113.398,USA,2006,1,8,56,5.2,2.9,1.0,2.9,0.038,0.148,0.174,0.473,0.095,2022,5.870000000000002
Royce O'Neale,BKN,30.0,198.12,102.511792,USA,Undrafted,0,0,76,8.8,5.1,3.7,2.1,0.025,0.129,0.136,0.5379999999999999,0.155,2022,8.20599999999999
Ron Harper Jr.,TOR,23.0,195.58,111.13004,USA,Undrafted,0,0,9,2.2,0.8,0.4,21.8,0.054,0.093,0.136,0.608,0.108,2022,1.625
Romeo Langford,SAS,23.0,195.58,97.975872,USA,2019,1,14,43,6.9,2.7,1.2,-8.5,0.06,0.067,0.148,0.524,0.08,2022,6.684
Rodney McGruder,DET,31.0,193.04,92.98636,USA,Undrafted,0,0,32,5.7,2.3,0.9,-3.5,0.035,0.109,0.135,0.5660000000000001,0.071,2022,5.394999999999999
Robin Lopez,CLE,35.0,213.36,127.459352,USA,2008,1,15,37,3.0,1.4,0.5,-8.7,0.075,0.0969999999999999,0.156,0.675,0.105,2022,3.208
Robert Williams III,BOS,25.0,205.74,107.501304,USA,2018,1,27,35,8.0,8.3,1.4,11.4,0.124,0.209,0.113,0.742,0.086,2022,7.684999999999994
Robert Covington,LAC,32.0,200.66,94.800728,USA,Undrafted,0,0,48,6.0,3.5,1.2,-1.0,0.038,0.1639999999999999,0.149,0.584,0.105,2022,5.982000000000004
Ricky Rubio,CLE,32.0,187.96,86.18248,Spain,2009,1,5,33,5.2,2.1,3.5,3.0,0.015,0.1119999999999999,0.172,0.442,0.295,2022,5.260000000000002
Reggie Jackson,DEN,33.0,187.96,94.347136,USA,2011,1,24,68,10.2,2.1,3.4,-2.2,0.015,0.071,0.205,0.514,0.211,2022,11.480000000000004
PJ Dozier,SAC,26.0,198.12,92.98636,USA,Undrafted,0,0,16,1.4,0.9,0.6,-12.9,0.012,0.171,0.203,0.3329999999999999,0.196,2022,1.5979999999999996
Montrezl Harrell,PHI,29.0,200.66,108.86208,USA,2015,2,32,57,5.6,2.8,0.6,2.2,0.1,0.133,0.178,0.631,0.073,2022,5.289999999999999
P.J. Tucker,PHI,38.0,195.58,111.13004,USA,2006,2,35,75,3.5,3.9,0.8,4.0,0.055,0.108,0.066,0.5660000000000001,0.04,2022,4.385999999999999
Naz Reid,MIN,23.0,205.74,119.748288,USA,Undrafted,0,0,68,11.5,4.9,1.1,-4.2,0.0579999999999999,0.205,0.242,0.617,0.098,2022,11.011000000000003
Nathan Knight,MIN,25.0,203.2,114.758776,USA,Undrafted,0,0,38,3.7,1.5,0.3,-2.3,0.072,0.118,0.177,0.655,0.065,2022,3.2150000000000007
Nassir Little,POR,23.0,195.58,99.79024,USA,2019,1,25,54,6.6,2.6,0.9,-8.8,0.0279999999999999,0.122,0.158,0.555,0.075,2022,6.999999999999999
Naji Marshall,NOP,25.0,200.66,99.79024,USA,Undrafted,0,0,77,9.1,3.6,2.5,-0.1,0.027,0.132,0.172,0.539,0.147,2022,10.128000000000002
Myles Turner,IND,27.0,210.82,113.398,USA,2015,1,11,62,18.0,7.5,1.4,-1.2,0.049,0.205,0.225,0.6509999999999999,0.074,2022,17.205
Moussa Diabate,LAC,21.0,208.28,95.25432,France,2022,2,43,22,2.7,2.3,0.2,-3.2,0.1369999999999999,0.106,0.125,0.546,0.0289999999999999,2022,2.994000000000002
Moses Moody,GSW,21.0,195.58,95.707912,USA,2021,1,14,63,4.8,1.7,0.8,-0.6,0.034,0.091,0.141,0.603,0.085,2022,5.069
Moses Brown,BKN,23.0,218.44,111.13004,USA,Undrafted,0,0,36,4.3,3.9,0.1,3.5,0.165,0.262,0.188,0.607,0.021,2022,4.594000000000002
Moritz Wagner,ORL,26.0,210.82,111.13004,Germany,2018,1,25,57,10.5,4.5,1.5,-1.1,0.06,0.172,0.201,0.63,0.115,2022,11.269000000000004
Monte Morris,WAS,28.0,187.96,83.007336,USA,2017,2,51,62,10.3,3.4,5.3,0.1,0.016,0.106,0.155,0.579,0.249,2022,9.865
Mo Bamba,LAL,25.0,213.36,104.779752,USA,2018,1,6,49,6.6,4.6,0.9,1.5,0.076,0.198,0.166,0.602,0.086,2022,6.412999999999999
Mitchell Robinson,NYK,25.0,213.36,108.86208,USA,2018,2,36,59,7.4,9.4,0.9,7.3,0.1639999999999999,0.178,0.1009999999999999,0.652,0.044,2022,6.638000000000002
Miles McBride,NYK,22.0,187.96,88.45044,USA,2021,2,36,64,3.5,0.8,1.1,3.6,0.016,0.047,0.141,0.475,0.13,2022,3.5340000000000007
Mike Muscala,BOS,31.0,210.82,108.86208,USA,2013,2,44,63,6.1,3.2,0.8,8.8,0.038,0.161,0.146,0.608,0.069,2022,6.003000000000002
Mike Conley,MIN,35.0,185.42,79.3786,USA,2007,1,4,67,11.9,2.7,6.7,1.3,0.016,0.075,0.161,0.583,0.295,2022,10.418999999999997
Sam Merrill,CLE,27.0,193.04,92.98636,USA,2020,2,60,5,5.0,1.8,1.0,-3.3,0.0,0.1669999999999999,0.177,0.546,0.143,2022,4.598
Mikal Bridges,BKN,26.0,198.12,94.800728,USA,2018,1,10,83,20.1,4.4,3.3,0.8,0.026,0.094,0.223,0.5870000000000001,0.141,2022,18.852000000000004
Neemias Queta,SAC,23.0,213.36,112.490816,Portugal,2021,2,39,5,2.4,2.2,0.2,-43.5,0.135,0.214,0.141,0.607,0.067,2022,2.0420000000000003
P.J. Washington,CHA,24.0,200.66,104.32616,USA,2019,1,12,73,15.7,4.9,2.4,-7.2,0.0279999999999999,0.118,0.2,0.542,0.107,2022,14.428999999999997
Nerlens Noel,BKN,29.0,208.28,99.79024,USA,2013,1,6,17,2.1,2.7,0.6,-16.8,0.047,0.1889999999999999,0.113,0.424,0.074,2022,2.259000000000001
Nick Richards,CHA,25.0,213.36,111.13004,Jamaica,2020,2,42,65,8.2,6.4,0.6,-4.5,0.113,0.21,0.151,0.6759999999999999,0.046,2022,7.766000000000004
Ousmane Dieng,OKC,20.0,205.74,83.91452,France,2022,1,11,39,4.9,2.7,1.2,2.9,0.03,0.141,0.154,0.505,0.108,2022,4.870000000000001
Otto Porter Jr.,TOR,30.0,203.2,89.811216,USA,2013,1,3,8,5.5,2.4,1.0,-5.0,0.038,0.096,0.104,0.6559999999999999,0.078,2022,4.524
Oshae Brissett,IND,25.0,200.66,95.25432,Canada,Undrafted,0,0,65,6.1,3.4,0.7,0.6,0.054,0.144,0.155,0.52,0.055,2022,6.139999999999998
Orlando Robinson,MIA,22.0,208.28,106.59412,USA,Undrafted,0,0,31,3.7,4.1,0.8,3.8,0.108,0.201,0.1159999999999999,0.565,0.086,2022,3.6510000000000025
Onyeka Okongwu,ATL,22.0,205.74,108.86208,USA,2020,1,6,80,9.9,7.2,1.0,1.8,0.1169999999999999,0.19,0.15,0.6779999999999999,0.06,2022,9.147999999999998
Omer Yurtseven,MIA,25.0,210.82,124.7378,Turkey,Undrafted,0,0,9,4.4,2.6,0.2,1.7,0.089,0.179,0.159,0.675,0.035,2022,3.670999999999999
Olivier Sarr,OKC,24.0,210.82,108.86208,France,Undrafted,0,0,9,4.0,3.4,0.4,6.8,0.09,0.147,0.13,0.544,0.048,2022,3.9780000000000006
Ochai Agbaji,UTA,23.0,195.58,97.52228,USA,2022,1,14,59,7.9,2.1,1.1,-0.2,0.034,0.0579999999999999,0.154,0.561,0.072,2022,7.694999999999998
Obi Toppin,NYK,25.0,205.74,99.79024,USA,2020,1,8,67,7.4,2.8,1.0,2.4,0.026,0.139,0.187,0.565,0.091,2022,7.644999999999993
O.G. Anunoby,TOR,25.0,200.66,105.233344,United Kingdom,2017,1,23,67,16.8,5.0,2.0,3.0,0.037,0.11,0.192,0.586,0.08,2022,14.766000000000004
Norman Powell,LAC,30.0,193.04,97.52228,USA,2015,2,46,60,17.0,2.9,1.8,-3.8,0.015,0.093,0.251,0.612,0.115,2022,17.179000000000002
Noah Vonleh,BOS,27.0,208.28,116.573144,USA,2014,1,9,23,1.1,2.1,0.3,-1.4,0.11,0.174,0.09,0.502,0.051,2022,1.5719999999999996
Nikola Vucevic,CHI,32.0,208.28,117.93392,Montenegro,2011,1,16,82,17.6,11.0,3.2,-0.5,0.062,0.2739999999999999,0.218,0.594,0.146,2022,17.482000000000003
Nikola Jovic,MIA,20.0,208.28,92.98636,Serbia,2022,1,27,15,5.5,2.1,0.7,-3.5,0.043,0.119,0.185,0.53,0.076,2022,6.209999999999999
Nikola Jokic,DEN,28.0,210.82,128.820128,Serbia,2014,2,41,69,24.5,11.8,9.8,12.5,0.08,0.283,0.263,0.701,0.412,2022,20.75300000000001
Nicolas Batum,LAC,34.0,203.2,104.32616,France,2008,1,25,78,6.1,3.8,1.6,4.5,0.036,0.135,0.111,0.594,0.095,2022,6.371000000000001
Nickeil Alexander-Walker,MIN,24.0,195.58,92.98636,Canada,2019,1,17,59,6.2,1.7,1.8,-2.0,0.017,0.095,0.177,0.565,0.168,2022,7.263999999999997
Nic Claxton,BKN,24.0,210.82,97.52228,USA,2019,2,31,76,12.6,9.2,1.9,3.7,0.088,0.213,0.155,0.691,0.091,2022,11.681000000000006
Sandro Mamukelashvili,SAS,24.0,208.28,108.86208,Georgia,2021,2,54,43,6.1,4.3,1.4,-10.1,0.093,0.178,0.177,0.516,0.134,2022,7.2360000000000015
Wesley Matthews,MIL,36.0,195.58,99.79024,USA,Undrafted,0,0,52,3.4,2.2,0.7,2.8,0.04,0.087,0.095,0.519,0.053,2022,3.627999999999999
Scottie Barnes,TOR,21.0,203.2,102.0582,USA,2021,1,4,77,15.3,6.6,4.8,3.2,0.063,0.135,0.2,0.524,0.195,2022,13.996999999999996
Vernon Carey Jr.,UTA,22.0,208.28,122.46984,USA,2020,2,32,11,0.5,1.0,0.3,-17.3,0.081,0.296,0.147,0.3379999999999999,0.214,2022,0.8960000000000002
Usman Garuba,HOU,21.0,203.2,103.872568,Spain,2021,1,23,75,3.0,4.1,0.9,-12.2,0.11,0.1939999999999999,0.099,0.569,0.096,2022,3.6159999999999983
Udonis Haslem,MIA,43.0,200.66,106.59412,USA,Undrafted,0,0,7,3.9,1.6,0.0,-11.8,0.047,0.1009999999999999,0.185,0.433,0.0,2022,3.325000000000001
Udoka Azubuike,UTA,23.0,210.82,122.46984,Nigeria,2020,1,27,36,3.5,3.3,0.3,-11.7,0.0819999999999999,0.2239999999999999,0.113,0.774,0.043,2022,3.064000000000001
Tyus Jones,MEM,27.0,187.96,88.904032,USA,2015,1,24,80,10.3,2.5,5.2,2.0,0.0139999999999999,0.084,0.175,0.546,0.286,2022,11.109000000000002
Tyrese Maxey,PHI,22.0,187.96,90.7184,USA,2020,1,21,60,20.3,2.9,3.5,5.4,0.012,0.079,0.236,0.605,0.1669999999999999,2022,18.133
Tyrese Martin,ATL,24.0,198.12,97.52228,USA,2022,2,51,16,1.3,0.8,0.1,2.3,0.065,0.109,0.1639999999999999,0.44,0.044,2022,1.7069999999999996
Tyrese Haliburton,IND,23.0,195.58,83.91452,USA,2020,1,12,56,20.7,3.7,10.4,-1.0,0.018,0.092,0.238,0.624,0.457,2022,18.784999999999997
Tyler Herro,MIA,23.0,195.58,88.45044,USA,2019,1,13,67,20.1,5.4,4.2,2.7,0.012,0.154,0.25,0.5660000000000001,0.19,2022,19.442999999999998
Tyler Dorsey,DAL,27.0,193.04,81.64656,USA,2017,2,41,3,3.0,0.7,0.0,7.0,0.1,0.1,0.2269999999999999,0.9,0.0,2022,2.6049999999999986
TyTy Washington Jr.,HOU,21.0,190.5,88.45044,USA,2022,1,29,31,4.7,1.5,1.5,-6.1,0.004,0.099,0.17,0.432,0.152,2022,4.1629999999999985
Ty Jerome,GSW,25.0,195.58,88.45044,USA,2019,1,24,45,6.9,1.7,3.0,-5.6,0.009,0.091,0.147,0.594,0.233,2022,6.376
Troy Brown Jr.,LAL,23.0,200.66,97.52228,USA,2018,1,15,76,7.1,4.1,1.3,-0.5,0.033,0.123,0.119,0.561,0.067,2022,6.958000000000001
Trey Murphy III,NOP,23.0,203.2,93.439952,USA,2021,1,17,79,14.5,3.6,1.4,0.5,0.025,0.092,0.159,0.65,0.063,2022,12.348999999999997
Trey Lyles,SAC,27.0,205.74,106.140528,Canada,2015,1,12,74,7.6,4.1,0.9,4.0,0.054,0.184,0.174,0.607,0.073,2022,7.286000000000002
Trevor Keels,NYK,19.0,193.04,100.243832,USA,2022,2,42,3,1.0,0.7,0.0,-94.7,0.0,0.25,0.211,0.375,0.0,2022,1.6069999999999993
Trevor Hudgins,HOU,24.0,182.88,81.64656,USA,Undrafted,0,0,5,1.8,0.0,0.6,7.0,0.0,0.0,0.177,0.436,0.176,2022,2.063
Victor Oladipo,MIA,31.0,190.5,96.615096,USA,2013,1,2,42,10.7,3.0,3.5,-1.5,0.0139999999999999,0.109,0.204,0.513,0.206,2022,11.126000000000001
Trevelin Queen,IND,26.0,198.12,86.18248,USA,Undrafted,0,0,7,3.0,2.4,0.9,9.2,0.086,0.138,0.1939999999999999,0.337,0.109,2022,3.0009999999999994
Vince Williams Jr.,MEM,22.0,193.04,92.98636,USA,2022,2,47,15,2.0,1.0,0.3,-14.8,0.03,0.12,0.176,0.367,0.062,2022,2.0729999999999995
Vlatko Cancar,DEN,26.0,203.2,107.047712,Slovenia,2017,2,49,60,5.0,2.1,1.3,-3.9,0.027,0.119,0.134,0.606,0.125,2022,4.402999999999999
Michael Porter Jr.,DEN,25.0,208.28,98.883056,USA,2018,1,14,62,17.4,5.5,1.0,10.4,0.038,0.151,0.22,0.621,0.048,2022,14.007999999999996
Zion Williamson,NOP,22.0,198.12,128.820128,USA,2019,1,1,29,26.0,7.0,4.6,7.8,0.06,0.148,0.288,0.652,0.231,2022,25.772000000000002
Ziaire Williams,MEM,21.0,205.74,83.91452,USA,2021,1,10,37,5.7,2.1,0.9,-5.2,0.0279999999999999,0.105,0.178,0.511,0.086,2022,6.385
Zeke Nnaji,DEN,22.0,205.74,108.86208,USA,2020,1,22,53,5.2,2.6,0.3,-5.9,0.087,0.099,0.149,0.62,0.04,2022,4.051000000000002
Zach LaVine,CHI,28.0,195.58,90.7184,USA,2014,1,13,77,24.8,4.5,4.2,0.3,0.016,0.108,0.278,0.607,0.187,2022,24.065000000000005
Zach Collins,SAS,25.0,210.82,113.398,USA,2017,1,10,63,11.6,6.4,2.9,-7.5,0.076,0.19,0.209,0.599,0.18,2022,15.053000000000003
Yuta Watanabe,BKN,28.0,203.2,97.52228,Japan,Undrafted,0,0,58,5.6,2.4,0.8,-0.6,0.034,0.1169999999999999,0.127,0.637,0.071,2022,5.706000000000001
Xavier Tillman,MEM,24.0,200.66,111.13004,USA,2020,2,35,61,7.0,5.0,1.6,0.7,0.095,0.155,0.136,0.621,0.109,2022,7.462000000000001
Xavier Sneed,CHA,25.0,195.58,97.52228,USA,Undrafted,0,0,4,4.3,1.3,1.3,-24.8,0.0,0.085,0.136,0.723,0.1669999999999999,2022,3.3620000000000005
Xavier Moon,LAC,28.0,182.88,74.84268,USA,Undrafted,0,0,4,1.8,0.8,1.3,9.8,0.0,0.15,0.233,0.389,0.455,2022,2.4910000000000005
Xavier Cooks,WAS,27.0,203.2,83.007336,Australia,Undrafted,0,0,10,3.8,3.8,0.6,7.4,0.113,0.152,0.127,0.586,0.061,2022,4.944000000000002
Willy Hernangomez,NOP,29.0,210.82,113.398,Spain,2015,2,35,38,6.9,4.7,0.9,1.7,0.118,0.262,0.222,0.61,0.114,2022,7.019999999999998
Will Barton,TOR,32.0,195.58,82.10015200000001,USA,2012,2,40,56,6.8,2.4,2.0,-8.4,0.0139999999999999,0.125,0.182,0.493,0.162,2022,7.283999999999999
Wenyen Gabriel,LAL,26.0,205.74,92.98636,South Sudan,Undrafted,0,0,68,5.5,4.2,0.5,-0.2,0.111,0.152,0.135,0.626,0.049,2022,5.881
Wendell Moore Jr.,MIN,21.0,195.58,97.52228,USA,2022,1,26,29,1.4,0.6,0.6,-13.5,0.025,0.086,0.139,0.465,0.162,2022,1.91
Wendell Carter Jr.,ORL,24.0,208.28,122.46984,USA,2018,1,7,57,15.2,8.7,2.3,-0.8,0.074,0.221,0.204,0.621,0.119,2022,15.125
Walker Kessler,UTA,21.0,213.36,111.13004,USA,2022,1,22,74,9.2,8.4,0.9,3.0,0.133,0.205,0.13,0.7020000000000001,0.057,2022,8.626
Vit Krejci,ATL,23.0,203.2,88.45044,Czech Republic,2020,2,37,29,1.2,0.9,0.6,-1.8,0.036,0.125,0.108,0.475,0.1369999999999999,2022,1.7050000000000005
Santi Aldama,MEM,22.0,213.36,97.52228,Spain,2021,1,30,77,9.0,4.8,1.3,2.6,0.047,0.162,0.157,0.591,0.076,2022,9.017000000000001
Trent Forrest,ATL,25.0,193.04,95.25432,USA,Undrafted,0,0,23,2.3,1.6,1.7,-10.1,0.018,0.1169999999999999,0.1159999999999999,0.424,0.186,2022,3.255
Tre Mann,OKC,22.0,190.5,80.73937600000001,USA,2021,1,18,67,7.7,2.3,1.8,1.0,0.021,0.104,0.2,0.492,0.144,2022,7.448999999999997
T.J. McConnell,IND,31.0,185.42,86.18248,USA,2015,0,0,75,8.7,3.1,5.3,-2.4,0.0279999999999999,0.123,0.182,0.59,0.39,2022,9.796
Svi Mykhailiuk,CHA,26.0,200.66,92.98636,Ukraine,2018,2,47,32,6.9,1.7,1.7,1.0,0.032,0.079,0.191,0.584,0.1669999999999999,2022,7.857000000000004
Steven Adams,MEM,29.0,210.82,120.20188,New Zealand,2013,1,12,42,8.6,11.5,2.3,9.7,0.171,0.222,0.139,0.564,0.107,2022,8.568999999999999
Sterling Brown,LAL,28.0,195.58,99.336648,USA,2017,2,46,4,0.0,2.0,0.5,0.4,0.091,0.152,0.061,0.0,0.077,2022,0.016000000000000004
Stephen Curry,GSW,35.0,187.96,83.91452,USA,2009,1,7,56,29.4,6.1,6.3,5.8,0.02,0.147,0.297,0.6559999999999999,0.2739999999999999,2022,26.484000000000027
Stanley Umude,DET,24.0,198.12,95.25432,USA,Undrafted,0,0,1,2.0,0.0,0.0,95.0,0.0,0.0,0.5,0.532,0.0,2022,2.0619999999999994
Stanley Johnson,SAS,27.0,198.12,109.769264,USA,2015,1,8,30,5.8,3.2,2.2,-7.0,0.047,0.15,0.148,0.625,0.179,2022,7.890999999999999
Spencer Dinwiddie,BKN,30.0,195.58,97.52228,USA,2014,2,38,79,17.3,3.4,6.5,-0.1,0.01,0.092,0.22,0.573,0.297,2022,16.514
Skylar Mays,POR,25.0,193.04,92.98636,USA,2020,2,50,6,15.3,3.2,8.3,-16.3,0.01,0.0969999999999999,0.182,0.624,0.368,2022,13.360999999999999
Simone Fontecchio,UTA,27.0,200.66,94.800728,Italy,Undrafted,0,0,52,6.3,1.7,0.8,-13.1,0.036,0.07,0.192,0.495,0.079,2022,7.105
Shaquille Harrison,LAL,29.0,193.04,88.45044,USA,Undrafted,0,0,5,8.8,4.4,6.0,-0.4,0.008,0.184,0.162,0.516,0.306,2022,8.158999999999999
Shake Milton,PHI,26.0,195.58,92.98636,USA,2018,2,54,76,8.4,2.5,3.2,3.9,0.026,0.096,0.175,0.575,0.213,2022,9.506000000000002
Shai Gilgeous-Alexander,OKC,24.0,198.12,88.45044,Canada,2018,1,11,68,31.4,4.8,5.5,2.7,0.023,0.109,0.318,0.626,0.249,2022,29.000999999999994
Shaedon Sharpe,POR,20.0,195.58,90.7184,Canada,2022,1,7,80,9.9,3.0,1.2,-7.6,0.037,0.102,0.186,0.568,0.079,2022,10.391999999999998
Seth Curry,BKN,32.0,185.42,83.91452,USA,Undrafted,0,0,61,9.2,1.6,1.6,-3.5,0.011,0.071,0.188,0.593,0.121,2022,9.465000000000005
Serge Ibaka,MIL,33.0,210.82,106.59412,Democratic Republic of the Congo,2008,1,24,16,4.1,2.8,0.3,-6.5,0.073,0.153,0.159,0.5529999999999999,0.036,2022,4.300000000000001
Scotty Pippen Jr.,LAL,22.0,185.42,77.11064,USA,Undrafted,0,0,6,2.3,0.7,0.3,-1.5,0.05,0.057,0.231,0.439,0.125,2022,2.6880000000000006
T.J. Warren,PHX,29.0,203.2,99.79024,USA,2014,1,14,42,7.5,2.9,1.0,4.4,0.038,0.131,0.185,0.55,0.081,2022,8.351999999999997
Trendon Watford,POR,22.0,203.2,107.501304,USA,Undrafted,0,0,62,7.4,3.8,2.1,-7.1,0.037,0.173,0.158,0.625,0.162,2022,8.682999999999996
Taj Gibson,WAS,38.0,205.74,105.233344,USA,2009,1,26,49,3.4,1.9,0.7,-1.1,0.068,0.143,0.151,0.585,0.094,2022,3.6700000000000017
Tari Eason,HOU,22.0,203.2,97.52228,USA,2022,1,17,82,9.3,6.0,1.1,-4.8,0.1009999999999999,0.172,0.184,0.525,0.075,2022,9.018999999999995
Tre Jones,SAS,23.0,185.42,83.91452,USA,2020,2,41,68,12.9,3.6,6.6,-7.8,0.026,0.099,0.1889999999999999,0.534,0.306,2022,13.040999999999999
Trae Young,ATL,24.0,185.42,74.389088,USA,2018,1,5,73,26.2,3.0,10.2,1.3,0.021,0.062,0.313,0.573,0.414,2022,24.577999999999996
Torrey Craig,PHX,32.0,200.66,100.243832,USA,Undrafted,0,0,79,7.4,5.4,1.5,-3.7,0.073,0.146,0.128,0.5660000000000001,0.08,2022,7.963000000000002
Tony Bradley,CHI,25.0,210.82,112.490816,USA,2017,1,28,12,1.6,0.9,0.1,9.9,0.0289999999999999,0.278,0.174,0.69,0.042,2022,2.081999999999999
Tobias Harris,PHI,30.0,200.66,102.511792,USA,2011,1,19,74,14.7,5.7,2.5,5.5,0.03,0.15,0.18,0.602,0.114,2022,13.423000000000002
Tim Hardaway Jr.,DAL,31.0,195.58,92.98636,USA,2013,1,24,71,14.4,3.5,1.8,3.4,0.01,0.108,0.201,0.5539999999999999,0.088,2022,14.344999999999994
Thomas Bryant,DEN,25.0,208.28,112.490816,USA,2017,2,42,59,9.8,5.7,0.5,-4.7,0.081,0.223,0.181,0.682,0.042,2022,7.716000000000003
Theo Pinson,DAL,27.0,200.66,96.161504,USA,Undrafted,0,0,40,2.4,1.6,1.2,-7.6,0.0289999999999999,0.163,0.136,0.512,0.196,2022,2.6740000000000004
Theo Maledon,CHA,22.0,195.58,79.3786,France,2020,2,34,44,6.7,2.8,3.5,-8.9,0.016,0.128,0.166,0.515,0.247,2022,7.044000000000002
Thanasis Antetokounmpo,MIL,30.0,200.66,99.336648,Greece,2014,2,51,37,1.4,1.2,0.4,-26.6,0.075,0.139,0.138,0.4579999999999999,0.115,2022,1.6270000000000004
Thaddeus Young,TOR,35.0,203.2,106.59412,USA,2007,1,12,54,4.4,3.1,1.4,-5.6,0.083,0.136,0.131,0.573,0.133,2022,5.0710000000000015
Terry Taylor,CHI,23.0,193.04,104.32616,USA,Undrafted,0,0,31,2.9,1.5,0.3,4.5,0.088,0.076,0.129,0.557,0.052,2022,2.503
Terry Rozier,CHA,29.0,185.42,86.18248,USA,2015,1,16,63,21.1,4.1,5.1,-6.2,0.021,0.095,0.262,0.517,0.22,2022,18.563999999999997
Terrence Ross,PHX,32.0,200.66,93.439952,USA,2012,1,8,63,8.3,2.4,1.5,-2.6,0.016,0.099,0.166,0.544,0.1009999999999999,2022,8.748000000000001
Terence Davis,SAC,26.0,193.04,91.171992,USA,Undrafted,0,0,64,6.7,2.2,1.0,4.0,0.024,0.14,0.215,0.563,0.11,2022,7.231
Terance Mann,LAC,26.0,195.58,97.52228,USA,2019,2,48,81,8.8,3.4,2.3,0.3,0.042,0.107,0.149,0.619,0.139,2022,10.015999999999998
Taurean Prince,MIN,29.0,198.12,98.883056,USA,2016,1,12,54,9.1,2.4,1.6,0.9,0.013,0.096,0.165,0.597,0.094,2022,9.820000000000004
Talen Horton-Tucker,UTA,22.0,193.04,106.140528,USA,2019,2,46,65,10.7,3.2,3.8,0.1,0.03,0.1169999999999999,0.25,0.508,0.2739999999999999,2022,12.880999999999995
Michael Foster Jr.,PHI,20.0,203.2,113.398,USA,Undrafted,0,0,1,0.0,0.0,0.0,-100.0,0.0,0.0,0.0,0.0,0.0,2022,0.0
Lindell Wigginton,MIL,25.0,185.42,85.728888,Canada,2019,0,0,7,7.1,1.0,2.0,-20.2,0.0,0.077,0.251,0.61,0.264,2022,6.810000000000003
Micah Potter,UTA,25.0,203.2,112.490816,USA,Undrafted,0,0,7,3.4,2.3,0.6,-4.2,0.046,0.22,0.121,0.8,0.133,2022,2.722
Dennis Smith Jr.,CHA,25.0,187.96,92.98636,USA,2017,1,9,54,8.8,3.1,4.8,-2.6,0.018,0.093,0.175,0.475,0.275,2022,8.870000000000001
Deonte Burton,SAC,29.0,193.04,108.86208,USA,Undrafted,0,0,2,0.0,0.0,0.0,51.8,0.0,0.0,0.133,0.0,0.0,2022,0.0
Dereon Seabron,NOP,23.0,195.58,81.64656,USA,Undrafted,0,0,5,0.8,0.2,0.0,36.8,0.067,0.0,0.156,0.4,0.0,2022,1.3789999999999998
Derrick Jones Jr.,CHI,26.0,198.12,95.25432,USA,Undrafted,0,0,64,5.0,2.4,0.5,6.7,0.069,0.098,0.138,0.597,0.052,2022,4.177000000000002
Derrick Rose,NYK,34.0,190.5,90.7184,USA,2008,1,1,27,5.6,1.5,1.7,-3.5,0.022,0.0819999999999999,0.22,0.4629999999999999,0.208,2022,5.672
Derrick White,BOS,28.0,193.04,86.18248,USA,2017,1,29,82,12.4,3.6,3.9,11.0,0.023,0.098,0.174,0.604,0.191,2022,12.675000000000004
Desmond Bane,MEM,25.0,195.58,97.52228,USA,2020,1,30,58,21.5,5.0,4.4,9.0,0.022,0.123,0.252,0.606,0.2019999999999999,2022,20.29600000000001
Devin Booker,PHX,26.0,195.58,93.439952,USA,2015,1,13,53,27.8,4.5,5.5,6.2,0.025,0.105,0.311,0.601,0.251,2022,26.631000000000014
Devin Vassell,SAS,22.0,195.58,90.7184,USA,2020,1,11,38,18.5,3.9,3.6,-11.7,0.006,0.125,0.24,0.55,0.173,2022,16.038999999999994
Devon Dotson,WAS,23.0,185.42,83.91452,USA,Undrafted,0,0,6,0.5,1.7,1.3,-5.7,0.107,0.085,0.102,0.15,0.211,2022,0.7809999999999997
Devonte' Graham,SAS,28.0,185.42,88.45044,USA,2018,2,34,73,7.4,1.7,2.7,-6.2,0.013,0.081,0.165,0.552,0.207,2022,6.971999999999998
Dewayne Dedmon,PHI,33.0,208.28,111.13004,USA,Undrafted,0,0,38,5.2,3.5,0.7,-10.6,0.075,0.231,0.195,0.5770000000000001,0.108,2022,5.329999999999999
Dillon Brooks,MEM,27.0,198.12,102.0582,Canada,2017,2,45,73,14.3,3.3,2.6,4.9,0.019,0.084,0.214,0.494,0.1169999999999999,2022,13.322000000000001
Domantas Sabonis,SAC,27.0,215.9,108.86208,Lithuania,2016,1,11,79,19.1,12.3,7.3,3.9,0.096,0.275,0.213,0.6679999999999999,0.297,2022,16.28700000000001
Dominick Barlow,SAS,20.0,205.74,97.52228,USA,Undrafted,0,0,28,3.9,3.6,0.9,-10.7,0.1,0.131,0.107,0.5670000000000001,0.079,2022,4.367999999999999
Donovan Mitchell,CLE,26.0,185.42,97.52228,USA,2017,1,13,68,28.3,4.3,4.4,5.9,0.027,0.0969999999999999,0.31,0.614,0.205,2022,27.36000000000001
Donovan Williams,ATL,21.0,198.12,86.18248,USA,Undrafted,0,0,2,2.0,1.0,0.0,60.0,0.0,0.4,0.385,0.4,0.0,2022,2.3200000000000007
Donte DiVincenzo,GSW,26.0,193.04,92.079176,USA,2018,1,17,72,9.4,4.5,3.5,2.9,0.0409999999999999,0.123,0.146,0.593,0.176,2022,9.497999999999996
Dorian Finney-Smith,BKN,30.0,200.66,99.79024,USA,Undrafted,0,0,66,8.3,4.8,1.5,-0.3,0.055,0.105,0.129,0.523,0.07,2022,7.637999999999994
Dennis Schroder,LAL,29.0,185.42,78.017824,Germany,2013,1,17,66,12.6,2.5,4.5,2.8,0.011,0.067,0.183,0.545,0.2019999999999999,2022,12.391000000000009
Doug McDermott,SAS,31.0,198.12,102.0582,USA,2014,1,11,64,10.2,2.2,1.4,-9.7,0.016,0.085,0.186,0.59,0.098,2022,9.823
Deni Avdija,WAS,22.0,205.74,95.25432,Israel,2020,1,9,76,9.2,6.4,2.8,-0.8,0.038,0.196,0.165,0.535,0.142,2022,10.525999999999994
Dejounte Murray,ATL,26.0,195.58,81.64656,USA,2016,1,29,74,20.5,5.3,6.1,-1.1,0.019,0.127,0.239,0.54,0.239,2022,18.399999999999995
Danny Green,CLE,36.0,198.12,97.52228,USA,2009,2,46,11,5.5,1.3,0.5,-5.5,0.023,0.08,0.187,0.617,0.065,2022,4.929000000000001
Danuel House Jr.,PHI,30.0,198.12,99.79024,USA,Undrafted,0,0,56,4.8,1.7,0.8,0.3,0.012,0.107,0.133,0.6,0.074,2022,5.794999999999998
Dario Saric,OKC,29.0,208.28,102.0582,Croatia,2014,1,12,57,6.4,3.6,1.3,1.6,0.064,0.195,0.186,0.583,0.131,2022,6.345999999999999
Darius Bazley,PHX,23.0,205.74,97.975872,USA,2019,1,23,43,5.2,3.2,0.9,-3.6,0.053,0.157,0.165,0.524,0.088,2022,5.907000000000002
Darius Days,HOU,23.0,200.66,111.13004,USA,Undrafted,0,0,4,3.8,1.5,0.3,-0.2,0.034,0.2269999999999999,0.21,0.5820000000000001,0.067,2022,2.915
Darius Garland,CLE,23.0,185.42,87.089664,USA,2019,1,5,69,21.6,2.7,7.8,8.0,0.012,0.067,0.262,0.5870000000000001,0.3279999999999999,2022,19.48
David Duke Jr.,BKN,23.0,193.04,92.532768,USA,Undrafted,0,0,23,3.7,1.3,0.9,-6.3,0.049,0.078,0.187,0.497,0.145,2022,3.8659999999999983
David Roddy,MEM,22.0,193.04,115.66596,USA,2022,1,23,70,6.7,2.8,0.8,-1.9,0.037,0.107,0.163,0.519,0.064,2022,7.0349999999999975
Davion Mitchell,SAC,24.0,182.88,91.625584,USA,2021,1,9,80,5.6,1.3,2.3,2.7,0.012,0.062,0.14,0.545,0.173,2022,5.112000000000002
Davis Bertans,DAL,30.0,208.28,102.0582,Latvia,2011,2,42,45,4.6,1.2,0.5,-4.3,0.02,0.086,0.155,0.618,0.065,2022,4.518
Davon Reed,LAL,28.0,195.58,93.439952,USA,2017,2,32,43,2.1,1.4,0.5,-14.1,0.031,0.146,0.142,0.471,0.099,2022,2.487999999999999
Day'Ron Sharpe,BKN,21.0,205.74,120.20188,USA,2021,1,29,48,4.7,4.2,0.8,-8.8,0.168,0.19,0.173,0.581,0.099,2022,5.56
De'Aaron Fox,SAC,25.0,190.5,83.91452,USA,2017,1,5,73,25.0,4.2,6.1,3.1,0.017,0.111,0.288,0.599,0.281,2022,24.476000000000013
De'Andre Hunter,ATL,25.0,203.2,100.243832,USA,2019,1,4,67,15.4,4.2,1.4,-0.6,0.021,0.1119999999999999,0.193,0.563,0.059,2022,14.014000000000001
De'Anthony Melton,PHI,25.0,187.96,90.7184,USA,2018,2,46,77,10.1,4.1,2.6,2.7,0.034,0.114,0.162,0.5660000000000001,0.133,2022,10.770999999999997
DeAndre Jordan,DEN,34.0,210.82,120.20188,USA,2008,2,35,39,5.1,5.2,0.9,-8.4,0.094,0.252,0.134,0.731,0.084,2022,5.27
DeMar DeRozan,CHI,33.0,198.12,99.79024,USA,2009,1,9,74,24.5,4.6,5.1,1.5,0.013,0.1159999999999999,0.272,0.5920000000000001,0.222,2022,22.421
Dean Wade,CLE,26.0,205.74,103.418976,USA,Undrafted,0,0,44,4.7,3.4,0.8,6.5,0.023,0.146,0.1,0.55,0.0559999999999999,2022,4.706999999999999
Deandre Ayton,PHX,24.0,213.36,113.398,Bahamas,2018,1,1,67,18.0,10.0,1.7,0.0,0.084,0.247,0.231,0.617,0.09,2022,17.61
Delon Wright,WAS,31.0,195.58,83.91452,USA,2015,1,20,50,7.4,3.6,3.9,3.2,0.05,0.0969999999999999,0.125,0.581,0.209,2022,6.784
Draymond Green,GSW,33.0,198.12,104.32616,USA,2012,2,35,73,8.5,7.2,6.8,7.0,0.0289999999999999,0.185,0.129,0.5920000000000001,0.268,2022,8.027999999999997
Drew Eubanks,POR,26.0,208.28,111.13004,USA,Undrafted,0,0,78,6.6,5.4,1.3,-4.1,0.084,0.183,0.122,0.6659999999999999,0.092,2022,5.857999999999999
Dru Smith,BKN,25.0,190.5,92.079176,USA,Undrafted,0,0,15,2.9,1.6,1.5,-8.8,0.012,0.132,0.133,0.475,0.206,2022,3.3710000000000004
George Hill,IND,37.0,193.04,85.275296,USA,2008,1,26,46,5.0,1.8,2.4,1.9,0.017,0.077,0.11,0.61,0.178,2022,4.931000000000002
Georges Niang,PHI,30.0,200.66,104.32616,USA,2016,2,50,78,8.2,2.4,1.0,1.3,0.013,0.109,0.162,0.61,0.074,2022,8.705999999999998
Giannis Antetokounmpo,MIL,28.0,213.36,110.222856,Greece,2013,1,15,63,31.1,11.8,5.7,7.2,0.065,0.268,0.373,0.605,0.314,2022,29.504
Goga Bitadze,ORL,23.0,210.82,113.398,Georgia,2019,1,18,38,4.4,3.6,1.0,3.7,0.123,0.1669999999999999,0.147,0.5820000000000001,0.122,2022,4.986000000000001
Goran Dragic,MIL,37.0,193.04,86.18248,Slovenia,2008,2,45,58,6.3,1.4,2.6,-0.6,0.018,0.075,0.198,0.514,0.237,2022,6.6629999999999985
Gordon Hayward,CHA,33.0,200.66,102.0582,USA,2010,1,9,50,14.7,4.3,4.1,-3.3,0.02,0.1119999999999999,0.196,0.563,0.187,2022,13.828999999999999
Gorgui Dieng,SAS,33.0,208.28,112.490816,Senegal,2013,1,21,31,3.9,3.5,1.7,-18.6,0.063,0.22,0.177,0.493,0.221,2022,6.128999999999999
Grant Williams,BOS,24.0,198.12,107.047712,USA,2019,1,22,79,8.1,4.6,1.7,5.9,0.042,0.134,0.128,0.605,0.086,2022,8.364000000000003
Grayson Allen,MIL,27.0,193.04,89.811216,USA,2018,1,21,72,10.4,3.3,2.3,4.9,0.03,0.0819999999999999,0.143,0.612,0.107,2022,10.094000000000001
Greg Brown III,POR,21.0,200.66,93.439952,USA,2021,2,43,16,1.8,1.2,0.2,-3.4,0.019,0.175,0.17,0.421,0.055,2022,2.096000000000001
Hamidou Diallo,DET,24.0,195.58,91.625584,USA,2018,2,45,56,9.3,3.5,1.0,-0.6,0.0559999999999999,0.136,0.21,0.593,0.088,2022,9.04
Harrison Barnes,SAC,31.0,203.2,102.0582,USA,2012,1,7,82,15.0,4.5,1.6,4.8,0.034,0.107,0.168,0.632,0.063,2022,12.844
Haywood Highsmith,MIA,26.0,195.58,99.79024,USA,2018,0,0,54,4.4,3.5,0.8,-5.2,0.055,0.135,0.121,0.517,0.065,2022,4.925
Herbert Jones,NOP,24.0,200.66,93.439952,USA,2021,2,35,66,9.8,4.1,2.5,3.9,0.051,0.089,0.144,0.5670000000000001,0.108,2022,9.386999999999995
Immanuel Quickley,NYK,24.0,187.96,86.18248,USA,2020,1,25,81,14.9,4.2,3.4,6.2,0.024,0.11,0.203,0.578,0.178,2022,15.206000000000001
Isaac Okoro,CLE,22.0,195.58,102.0582,USA,2020,1,5,76,6.4,2.5,1.1,5.4,0.033,0.085,0.1169999999999999,0.614,0.07,2022,6.303000000000004
Isaiah Hartenstein,NYK,25.0,213.36,113.398,Germany,2017,2,43,82,5.0,6.5,1.2,4.4,0.122,0.192,0.107,0.5670000000000001,0.083,2022,5.534999999999999
Isaiah Jackson,IND,21.0,205.74,92.98636,USA,2021,1,22,63,7.2,4.5,0.8,-5.6,0.1,0.159,0.165,0.595,0.071,2022,6.969000000000003
Isaiah Joe,OKC,23.0,190.5,74.84268,USA,2020,2,49,73,9.5,2.4,1.2,5.1,0.018,0.108,0.17,0.626,0.087,2022,8.633000000000003
Gary Trent Jr.,TOR,24.0,195.58,94.800728,USA,2018,2,37,66,17.4,2.6,1.6,-2.1,0.013,0.073,0.209,0.56,0.075,2022,14.728999999999996
Gary Payton II,GSW,30.0,187.96,88.45044,USA,Undrafted,0,0,22,4.6,3.1,1.4,5.4,0.069,0.121,0.1009999999999999,0.701,0.106,2022,5.0299999999999985
Gary Harris,ORL,28.0,193.04,95.25432,USA,2014,1,19,48,8.3,2.0,1.2,-2.8,0.018,0.069,0.125,0.62,0.067,2022,6.730999999999998
Garrison Mathews,ATL,26.0,198.12,97.52228,USA,Undrafted,0,0,54,4.8,1.4,0.5,-6.4,0.0139999999999999,0.0819999999999999,0.139,0.573,0.057,2022,4.185
Duane Washington Jr.,NYK,23.0,187.96,89.357624,Germany,Undrafted,0,0,31,7.9,1.2,2.0,-0.5,0.004,0.085,0.298,0.4579999999999999,0.26,2022,8.792000000000002
Duncan Robinson,MIA,29.0,200.66,97.52228,USA,Undrafted,0,0,42,6.4,1.6,1.1,-5.0,0.012,0.094,0.172,0.534,0.1009999999999999,2022,6.277999999999997
Dwight Powell,DAL,31.0,208.28,108.86208,Canada,2014,2,45,76,6.7,4.1,0.9,6.2,0.106,0.12,0.123,0.738,0.067,2022,6.5299999999999985
Dylan Windler,CLE,26.0,200.66,88.904032,USA,2019,1,26,3,1.7,0.0,0.3,4.4,0.0,0.0,0.182,0.833,0.2,2022,1.8849999999999998
Dyson Daniels,NOP,20.0,200.66,90.264808,Australia,2022,1,8,59,3.8,3.2,2.3,0.4,0.035,0.14,0.113,0.503,0.172,2022,4.738
Edmond Sumner,BKN,27.0,193.04,88.904032,USA,2017,2,52,53,7.1,1.5,1.3,1.7,0.019,0.086,0.209,0.597,0.13,2022,7.0939999999999985
Eric Gordon,LAC,34.0,190.5,97.52228,USA,2008,1,7,69,12.4,1.9,2.7,-5.8,0.008,0.059,0.171,0.5870000000000001,0.133,2022,10.354000000000001
Eugene Omoruyi,DET,26.0,198.12,106.59412,Nigeria,Undrafted,0,0,40,7.0,2.8,0.7,-1.9,0.065,0.11,0.192,0.5329999999999999,0.065,2022,6.735000000000001
Evan Fournier,NYK,30.0,198.12,92.98636,France,2012,1,20,27,6.1,1.8,1.3,-4.7,0.008,0.096,0.179,0.471,0.111,2022,5.435999999999999
Daniel Theis,IND,31.0,203.2,111.13004,Germany,Undrafted,0,0,7,7.0,3.1,1.3,-8.2,0.059,0.147,0.201,0.497,0.125,2022,7.059999999999995
Evan Mobley,CLE,22.0,210.82,97.52228,USA,2021,1,3,79,16.2,9.0,2.8,6.5,0.073,0.2,0.1989999999999999,0.591,0.122,2022,14.978
Frank Jackson,UTA,25.0,190.5,92.98636,USA,2017,2,31,1,0.0,2.0,1.0,-22.2,0.125,0.3329999999999999,0.25,0.0,0.25,2022,0.31500000000000006
Frank Kaminsky,HOU,30.0,213.36,108.86208,USA,2015,1,9,36,2.5,1.4,0.9,-1.9,0.0289999999999999,0.207,0.146,0.635,0.1939999999999999,2022,2.764000000000001
Frank Ntilikina,DAL,24.0,193.04,90.7184,France,2017,1,8,47,2.9,1.3,1.2,5.1,0.011,0.086,0.125,0.461,0.127,2022,3.3190000000000004
Franz Wagner,ORL,21.0,208.28,99.79024,Germany,2021,1,8,80,18.6,4.1,3.5,1.2,0.027,0.098,0.23,0.589,0.1669999999999999,2022,18.358000000000004
Fred VanVleet,TOR,29.0,182.88,89.357624,USA,Undrafted,0,0,69,19.3,4.1,7.2,3.3,0.011,0.11,0.225,0.54,0.276,2022,16.577999999999992
Furkan Korkmaz,PHI,25.0,200.66,91.625584,Turkey,2016,1,26,37,3.8,1.1,0.6,1.4,0.017,0.099,0.176,0.552,0.091,2022,3.8810000000000002
Gabe Vincent,MIA,27.0,187.96,90.7184,USA,Undrafted,0,0,68,9.4,2.1,2.5,-0.7,0.016,0.071,0.17,0.5329999999999999,0.139,2022,9.441000000000003
Gabe York,IND,29.0,190.5,86.18248,USA,Undrafted,0,0,3,8.0,2.0,1.7,17.4,0.0,0.094,0.173,0.5479999999999999,0.109,2022,7.370999999999997
Garrett Temple,NOP,37.0,198.12,88.45044,USA,Undrafted,0,0,25,2.0,0.7,0.5,-5.3,0.027,0.069,0.123,0.535,0.1169999999999999,2022,1.902
Facundo Campazzo,DAL,32.0,177.8,88.45044,Argentina,Undrafted,0,0,8,1.3,0.3,1.1,11.0,0.0,0.0409999999999999,0.144,0.36,0.3,2022,1.61
Daniel Gafford,WAS,24.0,208.28,106.140528,USA,2019,2,38,78,9.0,5.6,1.1,-2.5,0.103,0.159,0.146,0.7390000000000001,0.074,2022,8.189000000000004
Damion Lee,PHX,30.0,195.58,95.25432,USA,Undrafted,0,0,74,8.2,3.0,1.3,2.7,0.024,0.124,0.155,0.607,0.092,2022,7.001999999999999
Damian Lillard,POR,32.0,187.96,88.45044,USA,2012,1,6,58,32.2,4.8,7.3,2.1,0.022,0.1119999999999999,0.331,0.645,0.3379999999999999,2022,30.705000000000023
Anthony Gill,WAS,30.0,203.2,104.32616,USA,Undrafted,0,0,59,3.3,1.7,0.6,-0.8,0.0579999999999999,0.1,0.1159999999999999,0.604,0.074,2022,3.437999999999998
Anthony Lamb,GSW,25.0,198.12,102.965384,USA,Undrafted,0,0,62,6.7,3.5,1.5,1.7,0.047,0.129,0.136,0.61,0.111,2022,7.03
Austin Reaves,LAL,25.0,195.58,89.357624,USA,Undrafted,0,0,64,13.0,3.0,3.4,4.9,0.018,0.079,0.154,0.687,0.155,2022,10.834999999999994
Austin Rivers,MIN,30.0,193.04,90.7184,USA,2012,1,10,52,4.9,1.6,1.4,-4.9,0.005,0.078,0.104,0.564,0.095,2022,5.840000000000001
Ayo Dosunmu,CHI,23.0,195.58,90.7184,USA,2021,2,38,80,8.6,2.8,2.6,-1.3,0.022,0.081,0.145,0.5670000000000001,0.135,2022,9.434999999999997
Bam Adebayo,MIA,25.0,205.74,115.66596,USA,2017,1,14,75,20.4,9.2,3.2,1.8,0.073,0.206,0.251,0.5920000000000001,0.154,2022,19.47999999999999
Ben Simmons,BKN,26.0,208.28,108.86208,Australia,2016,1,1,42,6.9,6.3,6.1,2.1,0.04,0.186,0.142,0.5589999999999999,0.295,2022,7.927999999999996
Bennedict Mathurin,IND,21.0,195.58,95.25432,Canada,2022,1,6,78,16.7,4.1,1.5,-4.3,0.037,0.103,0.235,0.5660000000000001,0.078,2022,16.439999999999994
Bismack Biyombo,PHX,30.0,203.2,115.66596,DRC,2011,1,7,61,4.3,4.3,0.9,3.1,0.093,0.184,0.136,0.555,0.089,2022,5.193999999999999
Blake Griffin,BOS,34.0,205.74,113.398,USA,2009,1,1,41,4.1,3.8,1.5,9.9,0.079,0.195,0.125,0.59,0.142,2022,4.935000000000001
Blake Wesley,SAS,20.0,193.04,83.91452,USA,2022,1,25,37,5.0,2.2,2.6,-13.4,0.016,0.1009999999999999,0.18,0.3929999999999999,0.201,2022,6.746999999999999
Boban Marjanovic,HOU,34.0,223.52,131.54168,Serbia,Undrafted,0,0,31,3.3,1.9,0.3,18.5,0.121,0.226,0.206,0.71,0.079,2022,2.984999999999998
Bobby Portis,MIL,28.0,210.82,113.398,USA,2015,1,22,70,14.1,9.6,1.5,-0.1,0.08,0.263,0.211,0.575,0.087,2022,14.201999999999993
Bogdan Bogdanovic,ATL,30.0,195.58,102.0582,Serbia,2014,1,27,54,14.0,3.1,2.8,1.2,0.015,0.093,0.196,0.586,0.134,2022,13.313000000000002
Bojan Bogdanovic,DET,34.0,200.66,102.511792,Croatia,2011,2,31,59,21.6,3.8,2.6,-8.2,0.018,0.099,0.251,0.627,0.133,2022,18.506999999999994
Bol Bol,ORL,23.0,218.44,99.79024,Sudan,2019,2,44,70,9.1,5.8,1.0,-4.4,0.046,0.22,0.177,0.603,0.069,2022,8.699000000000002
Bones Hyland,LAC,22.0,187.96,76.657048,USA,2021,1,26,56,11.8,2.4,3.1,-5.3,0.019,0.111,0.271,0.535,0.245,2022,11.453999999999999
Bradley Beal,WAS,30.0,193.04,93.893544,USA,2012,1,3,50,23.2,3.9,5.4,0.7,0.026,0.091,0.288,0.593,0.26,2022,25.16000000000002
Brandon Boston Jr.,LAC,21.0,198.12,85.275296,USA,2021,2,51,22,6.5,1.4,0.9,-7.7,0.024,0.098,0.237,0.515,0.129,2022,5.9380000000000015
Anthony Edwards,MIN,21.0,193.04,102.0582,USA,2020,1,1,79,24.6,5.8,4.4,1.9,0.017,0.139,0.292,0.564,0.192,2022,23.729
Anthony Davis,LAL,30.0,208.28,114.758776,USA,2012,1,1,56,25.9,12.5,2.6,4.8,0.102,0.248,0.2769999999999999,0.627,0.128,2022,23.714000000000002
Anfernee Simons,POR,24.0,190.5,82.10015200000001,USA,2018,1,24,62,21.1,2.6,4.1,-1.6,0.008,0.067,0.247,0.581,0.186,2022,17.905999999999988
Andrew Wiggins,GSW,28.0,200.66,89.357624,Canada,2014,1,1,37,17.1,5.0,2.3,5.2,0.05,0.1009999999999999,0.212,0.564,0.1,2022,16.142
A.J. Lawson,DAL,22.0,198.12,81.19296800000001,Canada,Undrafted,0,0,15,3.7,1.4,0.1,-20.1,0.046,0.152,0.1889999999999999,0.589,0.032,2022,3.032
AJ Green,MIL,23.0,195.58,86.18248,USA,Undrafted,0,0,35,4.4,1.3,0.6,-4.9,0.016,0.105,0.159,0.607,0.092,2022,4.017000000000002
AJ Griffin,ATL,19.0,198.12,99.79024,USA,2022,1,16,72,8.9,2.1,1.0,1.5,0.026,0.08,0.174,0.5770000000000001,0.07,2022,8.781999999999998
Aaron Gordon,DEN,27.0,203.2,106.59412,USA,2014,1,4,68,16.3,6.6,3.0,12.1,0.086,0.136,0.206,0.617,0.129,2022,16.386000000000003
Aaron Holiday,ATL,26.0,182.88,83.91452,USA,2018,1,23,63,3.9,1.2,1.4,0.9,0.0279999999999999,0.059,0.129,0.528,0.135,2022,4.998000000000001
Aaron Nesmith,IND,23.0,195.58,97.52228,USA,2020,1,14,73,10.1,3.8,1.3,-4.7,0.033,0.119,0.168,0.5660000000000001,0.073,2022,9.912
Aaron Wiggins,OKC,24.0,195.58,86.18248,USA,2021,2,55,70,6.8,3.0,1.1,1.5,0.05,0.109,0.143,0.607,0.084,2022,6.263999999999997
Admiral Schofield,ORL,26.0,195.58,109.315672,United Kingdom,2019,2,42,37,4.2,1.7,0.8,-8.3,0.047,0.092,0.139,0.5870000000000001,0.103,2022,3.9320000000000004
Al Horford,BOS,37.0,205.74,108.86208,Dominican Republic,2007,1,3,63,9.8,6.2,3.0,7.8,0.039,0.159,0.119,0.631,0.128,2022,7.135
Brandon Clarke,MEM,26.0,203.2,97.52228,Canada,2019,1,21,56,10.0,5.5,1.3,0.7,0.079,0.177,0.174,0.6809999999999999,0.1,2022,9.020000000000001
Alec Burks,DET,31.0,198.12,97.068688,USA,2011,1,12,51,12.8,3.1,2.2,-1.0,0.017,0.124,0.218,0.602,0.15,2022,15.049
Alex Caruso,CHI,29.0,195.58,84.368112,USA,Undrafted,0,0,67,5.6,2.9,2.9,6.1,0.0279999999999999,0.099,0.109,0.588,0.155,2022,6.263
Alex Len,SAC,30.0,218.44,113.398,Ukraine,2013,1,5,26,1.7,2.3,0.5,6.6,0.143,0.1939999999999999,0.132,0.58,0.099,2022,2.3950000000000005
Alize Johnson,SAS,27.0,203.2,96.161504,USA,2018,2,50,4,1.8,2.5,0.3,19.0,0.063,0.211,0.145,0.509,0.042,2022,2.92
Alondes Williams,BKN,24.0,193.04,95.25432,USA,Undrafted,0,0,1,0.0,1.0,0.0,-53.0,0.0,0.25,0.143,0.0,0.0,2022,0.0
Alperen Sengun,HOU,20.0,210.82,110.222856,Turkey,2021,1,16,75,14.8,9.0,3.9,-7.8,0.107,0.204,0.211,0.599,0.1989999999999999,2022,15.777999999999999
Amir Coffey,LAC,26.0,200.66,95.25432,USA,Undrafted,0,0,50,3.4,1.1,1.1,-8.9,0.026,0.055,0.128,0.498,0.119,2022,3.5639999999999987
Andre Drummond,CHI,29.0,210.82,126.552168,USA,2012,1,9,67,6.0,6.6,0.5,2.6,0.16,0.353,0.196,0.606,0.057,2022,8.622000000000003
Andre Iguodala,GSW,39.0,198.12,97.52228,USA,2004,1,9,8,2.1,2.1,2.4,12.0,0.027,0.113,0.089,0.521,0.183,2022,4.186
Andrew Nembhard,IND,23.0,190.5,86.636072,Canada,2022,2,31,75,9.5,2.7,4.5,-5.9,0.016,0.078,0.159,0.528,0.222,2022,9.276999999999997
Aleksej Pokusevski,OKC,21.0,213.36,95.25432,Serbia,2020,1,17,34,8.1,4.7,1.9,-12.7,0.0579999999999999,0.16,0.179,0.522,0.13,2022,8.657
Isaiah Livers,DET,24.0,198.12,105.233344,USA,2021,2,42,52,6.7,2.8,0.8,-7.8,0.023,0.096,0.1169999999999999,0.5670000000000001,0.048,2022,5.939999999999999
Brandon Ingram,NOP,25.0,203.2,86.18248,USA,2016,1,2,45,24.7,5.5,5.8,3.0,0.015,0.145,0.306,0.5820000000000001,0.2769999999999999,2022,25.589000000000002
Brook Lopez,MIL,35.0,215.9,127.912944,USA,2008,1,10,78,15.9,6.7,1.3,7.1,0.064,0.135,0.187,0.63,0.06,2022,12.567999999999998
Chris Silva,DAL,26.0,203.2,106.140528,Gabon,Undrafted,0,0,1,2.0,0.0,0.0,12.5,0.0,0.0,0.25,1.0,0.0,2022,2.2569999999999997
Christian Braun,DEN,22.0,198.12,99.79024,USA,2022,1,21,76,4.7,2.4,0.8,-4.3,0.042,0.1119999999999999,0.127,0.568,0.07,2022,5.162000000000001
Christian Koloko,TOR,23.0,213.36,104.32616,Cameroon,2022,2,33,58,3.1,2.9,0.5,9.0,0.094,0.11,0.1,0.517,0.05,2022,2.5220000000000002
Christian Wood,DAL,27.0,205.74,97.068688,USA,Undrafted,0,0,67,16.6,7.3,1.8,-1.3,0.053,0.238,0.259,0.624,0.119,2022,19.57800000000001
Chuma Okeke,ORL,24.0,203.2,103.872568,USA,2019,1,16,27,4.7,3.6,1.4,-10.8,0.049,0.132,0.121,0.488,0.1009999999999999,2022,5.310999999999999
Clint Capela,ATL,29.0,208.28,116.119552,Switzerland,2014,1,25,65,12.0,11.0,0.9,-1.1,0.142,0.268,0.151,0.6559999999999999,0.045,2022,11.080999999999996
Coby White,CHI,23.0,195.58,88.45044,USA,2019,1,7,74,9.7,2.9,2.8,4.0,0.009,0.11,0.17,0.5720000000000001,0.159,2022,9.873000000000005
Cody Martin,CHA,27.0,198.12,92.98636,USA,2019,2,36,7,5.0,3.4,1.6,-9.7,0.0559999999999999,0.109,0.121,0.4479999999999999,0.111,2022,4.1149999999999975
Cody Zeller,MIA,30.0,210.82,108.86208,USA,2013,1,4,15,6.5,4.3,0.7,-10.3,0.1169999999999999,0.2,0.175,0.659,0.077,2022,6.122000000000001
Cole Anthony,ORL,23.0,190.5,83.91452,USA,2020,1,15,60,13.0,4.8,3.9,-0.1,0.03,0.152,0.209,0.57,0.228,2022,14.785000000000004
Cole Swider,LAL,24.0,205.74,99.79024,USA,Undrafted,0,0,7,1.3,1.0,0.6,3.3,0.024,0.158,0.089,0.5,0.105,2022,1.69
Collin Sexton,UTA,24.0,187.96,86.18248,USA,2018,1,8,48,14.3,2.2,2.9,0.1,0.032,0.0559999999999999,0.23,0.616,0.178,2022,14.295000000000005
Corey Kispert,WAS,24.0,198.12,101.604608,USA,2021,1,15,74,11.1,2.8,1.2,-3.2,0.016,0.0819999999999999,0.139,0.657,0.0559999999999999,2022,8.549000000000003
Cory Joseph,DET,31.0,190.5,90.7184,Canada,2011,1,29,62,6.9,1.7,3.5,-4.1,0.016,0.07,0.149,0.5579999999999999,0.256,2022,7.3130000000000015
D'Angelo Russell,LAL,27.0,193.04,87.543256,USA,2015,1,2,71,17.8,3.0,6.2,1.5,0.016,0.075,0.225,0.605,0.2739999999999999,2022,17.670999999999996
Daishen Nix,HOU,21.0,193.04,102.511792,USA,Undrafted,0,0,57,4.0,1.7,2.3,-8.2,0.018,0.091,0.149,0.447,0.191,2022,4.352000000000003
Dalano Banton,TOR,23.0,200.66,92.532768,Canada,2021,2,46,31,4.6,1.5,1.2,-6.5,0.036,0.13,0.2289999999999999,0.505,0.2019999999999999,2022,4.327000000000001
Dalen Terry,CHI,20.0,200.66,88.45044,USA,2022,1,18,38,2.2,1.0,0.6,3.3,0.0559999999999999,0.1169999999999999,0.173,0.523,0.157,2022,2.5860000000000003
Damian Jones,UTA,28.0,210.82,111.13004,USA,2016,1,30,41,3.5,3.0,0.4,-9.0,0.078,0.152,0.102,0.7190000000000001,0.044,2022,2.711
Chris Paul,PHX,38.0,182.88,79.3786,USA,2005,1,4,59,13.9,4.3,8.9,2.3,0.0139999999999999,0.118,0.195,0.555,0.389,2022,12.909999999999995
Chris Duarte,IND,26.0,195.58,86.18248,Dominican Republic,2021,1,13,46,7.9,2.5,1.4,-6.2,0.02,0.106,0.181,0.496,0.1009999999999999,2022,7.719999999999998
Chris Boucher,TOR,30.0,205.74,90.7184,Saint Lucia,Undrafted,0,0,76,9.4,5.5,0.4,-1.3,0.094,0.19,0.175,0.59,0.0289999999999999,2022,8.026000000000003
Chimezie Metu,SAC,26.0,205.74,102.0582,USA,2018,2,49,66,4.9,3.0,0.6,6.7,0.068,0.206,0.168,0.639,0.08,2022,4.852999999999999
Bruce Brown,DEN,26.0,193.04,91.625584,USA,2018,2,42,80,11.5,4.1,3.4,0.8,0.0289999999999999,0.1159999999999999,0.174,0.5710000000000001,0.1639999999999999,2022,11.429
Bruno Fernando,ATL,24.0,208.28,108.86208,Angola,2019,2,34,39,3.9,3.5,0.8,-8.9,0.123,0.19,0.159,0.5710000000000001,0.1169999999999999,2022,4.3450000000000015
Bryce McGowens,CHA,20.0,198.12,79.3786,USA,2022,2,40,46,5.3,2.0,1.2,-9.7,0.025,0.088,0.147,0.519,0.098,2022,5.734
Bryn Forbes,MIN,29.0,187.96,92.98636,USA,Undrafted,0,0,25,3.6,0.6,0.7,-8.5,0.015,0.04,0.155,0.497,0.087,2022,4.087
Buddy Boeheim,DET,23.0,198.12,92.98636,USA,Undrafted,0,0,10,1.6,0.6,0.4,2.7,0.022,0.043,0.131,0.287,0.059,2022,0.8580000000000001
Buddy Hield,IND,30.0,193.04,99.79024,Bahamas,2016,1,6,80,16.8,5.0,2.8,-1.9,0.027,0.132,0.205,0.614,0.131,2022,16.134000000000007
CJ McCollum,NOP,31.0,190.5,86.18248,USA,2013,1,10,75,20.9,4.4,5.7,1.1,0.021,0.104,0.26,0.541,0.242,2022,20.852000000000004
Cade Cunningham,DET,21.0,200.66,99.79024,USA,2021,1,1,12,19.9,6.2,6.0,-6.1,0.027,0.148,0.287,0.492,0.306,2022,17.769000000000002
Caleb Houstan,ORL,20.0,203.2,92.98636,Canada,2022,2,32,51,3.8,1.9,0.6,-5.3,0.0409999999999999,0.083,0.107,0.508,0.051,2022,3.4049999999999994
Braxton Key,DET,26.0,203.2,102.0582,USA,Undrafted,0,0,3,1.3,0.3,0.0,-4.5,0.0,0.067,0.091,1.064,0.0,2022,1.605
Caleb Martin,MIA,27.0,195.58,92.98636,USA,Undrafted,0,0,71,9.6,4.8,1.6,0.0,0.044,0.13,0.143,0.5710000000000001,0.0819999999999999,2022,9.513
Cam Thomas,BKN,21.0,190.5,95.25432,Japan,2021,1,27,57,10.6,1.7,1.4,-1.6,0.009,0.089,0.268,0.5670000000000001,0.133,2022,11.061999999999996
Cameron Johnson,BKN,27.0,203.2,95.25432,USA,2019,1,11,42,15.5,4.4,1.9,6.6,0.0289999999999999,0.12,0.2019999999999999,0.617,0.099,2022,15.431000000000015
Cameron Payne,PHX,28.0,185.42,83.007336,USA,2015,1,14,48,10.3,2.2,4.5,4.1,0.012,0.1,0.239,0.512,0.308,2022,10.521
Caris LeVert,CLE,28.0,198.12,92.98636,USA,2016,1,20,74,12.1,3.8,3.9,4.5,0.024,0.105,0.183,0.546,0.182,2022,12.452999999999992
Carlik Jones,CHI,25.0,182.88,78.92500799999999,USA,Undrafted,0,0,7,2.9,0.7,0.9,20.7,0.016,0.069,0.153,0.54,0.133,2022,3.748
Cedi Osman,CLE,28.0,200.66,104.32616,Turkey,2015,2,31,77,8.7,2.3,1.5,7.5,0.017,0.1,0.178,0.579,0.107,2022,8.680000000000005
Chance Comanche,POR,27.0,208.28,95.25432,USA,Undrafted,0,0,1,7.0,3.0,0.0,-68.1,0.08,0.067,0.14,0.518,0.0,2022,3.953999999999999
Charles Bassey,SAS,22.0,205.74,104.32616,Nigeria,2021,2,53,35,5.7,5.5,1.4,-2.4,0.14,0.2319999999999999,0.152,0.6579999999999999,0.131,2022,7.464999999999998
Chima Moneke,SAC,27.0,195.58,101.151016,Nigeria,Undrafted,0,0,2,1.0,1.0,0.5,-57.2,0.25,0.0,0.25,0.347,0.25,2022,1.9300000000000006
Cam Reddish,POR,23.0,200.66,98.429464,USA,2019,1,10,40,9.7,2.2,1.4,-9.0,0.017,0.07,0.166,0.561,0.085,2022,9.735000000000003
Michael Carter-Williams,ORL,31.0,195.58,86.18248,USA,2013,1,11,4,4.3,1.3,1.8,-32.4,0.021,0.125,0.191,0.498,0.28,2022,4.638000000000004
Isaiah Mobley,CLE,23.0,203.2,107.954896,USA,2022,2,49,12,2.6,1.7,0.3,19.8,0.053,0.174,0.166,0.521,0.054,2022,2.560999999999999
Isaiah Stewart,DET,22.0,203.2,113.398,USA,2020,1,16,50,11.3,8.1,1.4,-8.0,0.078,0.2019999999999999,0.17,0.56,0.073,2022,10.96
Kenyon Martin Jr.,HOU,22.0,200.66,97.52228,USA,2020,2,52,82,12.7,5.5,1.5,-8.0,0.052,0.143,0.16,0.635,0.079,2022,11.929999999999996
Keon Ellis,SAC,23.0,190.5,79.3786,USA,Undrafted,0,0,16,1.5,0.5,0.4,-14.3,0.0559999999999999,0.063,0.124,0.629,0.136,2022,1.5479999999999996
Keon Johnson,POR,21.0,190.5,83.91452,USA,2021,1,21,40,4.7,1.1,1.5,-16.2,0.025,0.086,0.237,0.482,0.226,2022,5.513000000000001
Kessler Edwards,SAC,22.0,200.66,92.079176,USA,2021,2,44,36,2.8,1.7,0.6,2.2,0.059,0.102,0.119,0.502,0.073,2022,3.2330000000000005
Kevin Durant,PHX,34.0,208.28,108.86208,USA,2007,1,2,47,29.1,6.7,5.0,6.8,0.012,0.166,0.305,0.677,0.228,2022,27.179000000000027
Kevin Huerter,SAC,24.0,200.66,89.811216,USA,2018,1,19,75,15.2,3.3,2.9,4.5,0.02,0.1,0.1969999999999999,0.617,0.1369999999999999,2022,13.299
Kevin Knox II,POR,23.0,200.66,97.52228,USA,2018,1,9,63,6.6,2.8,0.5,-11.4,0.033,0.152,0.175,0.579,0.053,2022,5.797000000000001
Kevin Love,MIA,34.0,203.2,113.851592,USA,2008,1,5,62,8.2,6.4,1.9,3.9,0.05,0.287,0.185,0.5479999999999999,0.131,2022,10.172999999999996
Kevin Porter Jr.,HOU,23.0,193.04,92.079176,USA,2019,1,30,59,19.2,5.3,5.7,-8.3,0.036,0.1169999999999999,0.239,0.565,0.26,2022,18.262999999999995
Kevon Harris,ORL,26.0,198.12,97.975872,USA,Undrafted,0,0,34,4.1,2.1,0.5,0.3,0.057,0.092,0.129,0.564,0.049,2022,4.063000000000001
Kevon Looney,GSW,27.0,205.74,100.697424,USA,2015,1,30,82,7.0,9.3,2.5,4.4,0.135,0.2339999999999999,0.104,0.639,0.136,2022,6.300999999999999
Khem Birch,SAS,30.0,203.2,105.68693600000002,Canada,Undrafted,0,0,20,2.2,1.3,0.4,2.8,0.051,0.118,0.113,0.629,0.063,2022,2.1880000000000006
Khris Middleton,MIL,31.0,200.66,100.697424,USA,2012,2,39,33,15.1,4.2,4.9,6.1,0.034,0.122,0.259,0.551,0.288,2022,18.534000000000002
Killian Hayes,DET,21.0,195.58,88.45044,France,2020,1,7,76,10.3,2.9,6.2,-10.9,0.012,0.092,0.201,0.455,0.325,2022,10.841
Kira Lewis Jr.,NOP,22.0,185.42,77.11064,USA,2020,1,13,25,4.6,1.3,0.9,11.2,0.021,0.109,0.192,0.584,0.1369999999999999,2022,4.480000000000003
Klay Thompson,GSW,33.0,198.12,99.79024,USA,2011,1,11,69,21.9,4.1,2.4,2.9,0.017,0.1009999999999999,0.256,0.5760000000000001,0.105,2022,20.07399999999999
Kobi Simmons,CHA,25.0,195.58,81.64656,USA,Undrafted,0,0,5,1.0,0.8,1.0,-34.9,0.036,0.088,0.119,0.363,0.313,2022,1.4550000000000003
Kris Dunn,UTA,29.0,190.5,92.98636,USA,2016,1,5,22,13.2,4.5,5.6,-4.3,0.015,0.148,0.195,0.606,0.315,2022,12.995000000000005
Kristaps Porzingis,WAS,27.0,220.98,108.86208,Latvia,2015,1,4,65,23.2,8.4,2.7,1.4,0.057,0.1939999999999999,0.272,0.627,0.125,2022,23.304999999999982
Kentavious Caldwell-Pope,DEN,30.0,195.58,92.532768,USA,2013,1,8,76,10.8,2.7,2.4,9.8,0.016,0.074,0.136,0.598,0.092,2022,10.099000000000004
Kyle Anderson,MIN,29.0,205.74,104.32616,USA,2014,1,30,69,9.4,5.3,4.9,2.3,0.035,0.152,0.143,0.583,0.225,2022,8.950999999999992
Kenrich Williams,OKC,28.0,198.12,95.25432,USA,Undrafted,0,0,53,8.0,4.9,2.0,4.1,0.075,0.1369999999999999,0.134,0.585,0.1169999999999999,2022,7.325
Kennedy Chandler,MEM,20.0,180.34,77.11064,USA,2022,2,38,36,2.2,1.1,1.6,-5.4,0.0289999999999999,0.103,0.15,0.44,0.278,2022,2.7000000000000006
Julius Randle,NYK,28.0,203.2,113.398,USA,2014,1,7,77,25.1,10.0,4.1,2.7,0.05,0.226,0.288,0.581,0.184,2022,24.775999999999986
Justin Champagnie,BOS,22.0,198.12,93.439952,USA,Undrafted,0,0,5,2.2,1.6,0.8,-9.5,0.088,0.179,0.188,0.367,0.148,2022,2.5399999999999996
Justin Holiday,DAL,34.0,198.12,81.64656,USA,Undrafted,0,0,46,4.5,1.2,0.9,-9.1,0.0069999999999999,0.067,0.132,0.494,0.08,2022,4.395999999999997
Justin Jackson,BOS,28.0,203.2,99.79024,USA,2017,1,15,23,0.9,0.7,0.4,-28.3,0.017,0.119,0.122,0.359,0.145,2022,1.0239999999999996
Justin Minaya,POR,24.0,200.66,95.25432,USA,Undrafted,0,0,4,4.3,3.8,1.0,-12.0,0.03,0.135,0.123,0.363,0.0559999999999999,2022,5.063999999999997
Justise Winslow,POR,27.0,198.12,100.697424,USA,2015,1,10,29,6.8,5.0,3.4,-2.6,0.062,0.123,0.139,0.466,0.177,2022,5.665
Jusuf Nurkic,POR,28.0,213.36,131.54168,Bosnia and Herzegovina,2014,1,16,52,13.3,9.1,2.9,0.3,0.084,0.258,0.218,0.589,0.16,2022,16.195999999999998
KZ Okpala,SAC,24.0,203.2,97.52228,USA,2019,2,32,35,1.3,1.0,0.4,1.5,0.0279999999999999,0.102,0.081,0.5539999999999999,0.065,2022,1.8690000000000004
Kai Jones,CHA,22.0,210.82,100.243832,Bahamas,2021,1,19,46,3.4,2.7,0.3,-3.1,0.065,0.146,0.121,0.597,0.0409999999999999,2022,3.437
Karl-Anthony Towns,MIN,27.0,213.36,112.490816,USA,2015,1,1,29,20.8,8.1,4.8,1.8,0.05,0.181,0.25,0.618,0.225,2022,18.502999999999997
Kawhi Leonard,LAC,32.0,200.66,102.0582,USA,2011,1,15,52,23.8,6.5,3.9,6.1,0.034,0.16,0.267,0.623,0.19,2022,21.660999999999994
Keegan Murray,SAC,22.0,203.2,102.0582,USA,2022,1,4,80,12.2,4.6,1.2,1.7,0.038,0.123,0.156,0.597,0.053,2022,10.787999999999997
Keita Bates-Diop,SAS,27.0,203.2,103.872568,USA,2018,2,48,67,9.7,3.7,1.5,-8.5,0.042,0.13,0.165,0.609,0.099,2022,9.937999999999999
Keldon Johnson,SAS,23.0,195.58,99.79024,USA,2019,1,29,63,22.0,5.0,2.9,-11.3,0.025,0.133,0.273,0.551,0.1369999999999999,2022,20.739999999999995
Kelly Olynyk,UTA,32.0,210.82,108.86208,Canada,2013,1,13,68,12.5,6.2,3.7,0.4,0.042,0.1639999999999999,0.176,0.643,0.173,2022,13.128999999999996
Kelly Oubre Jr.,CHA,27.0,198.12,92.079176,USA,2015,1,15,48,20.3,5.2,1.1,-7.7,0.038,0.121,0.257,0.534,0.057,2022,16.293999999999993
Kemba Walker,DAL,33.0,182.88,83.46092800000001,USA,2011,1,9,9,8.0,1.8,2.1,-1.9,0.02,0.09,0.215,0.5429999999999999,0.216,2022,7.583999999999996
Kendall Brown,IND,20.0,200.66,92.98636,USA,2022,2,48,6,1.5,1.0,0.5,8.2,0.051,0.089,0.093,0.5710000000000001,0.091,2022,1.8019999999999998
Kendrick Nunn,WAS,27.0,190.5,86.18248,USA,Undrafted,0,0,70,7.1,1.6,1.3,-2.3,0.015,0.09,0.2269999999999999,0.53,0.1369999999999999,2022,7.345000000000003
Kenneth Lofton Jr.,MEM,20.0,198.12,124.7378,USA,Undrafted,0,0,24,5.0,2.1,0.8,-13.4,0.0969999999999999,0.198,0.267,0.5720000000000001,0.198,2022,4.2490000000000006
Kyle Kuzma,WAS,27.0,205.74,100.243832,USA,2017,1,27,64,21.2,7.2,3.7,0.3,0.025,0.172,0.273,0.544,0.1639999999999999,2022,20.925000000000004
Kyle Lowry,MIA,37.0,182.88,88.904032,USA,2006,1,24,55,11.2,4.1,5.1,1.1,0.025,0.1119999999999999,0.162,0.565,0.233,2022,10.225000000000005
Kyrie Irving,DAL,31.0,187.96,88.45044,Australia,2011,1,1,60,27.1,5.1,5.5,4.7,0.0289999999999999,0.107,0.286,0.613,0.233,2022,25.46600000000002
Mamadi Diakite,CLE,26.0,205.74,103.418976,Guinea,Undrafted,0,0,22,2.6,1.4,0.4,0.7,0.051,0.133,0.1639999999999999,0.56,0.07,2022,3.13
MarJon Beauchamp,MIL,22.0,200.66,90.264808,USA,2022,1,24,52,5.1,2.2,0.7,-7.2,0.05,0.103,0.175,0.513,0.072,2022,5.5760000000000005
Marcus Morris Sr.,LAC,33.0,203.2,98.883056,USA,2011,1,14,65,11.2,4.0,1.8,-0.3,0.017,0.127,0.176,0.534,0.09,2022,11.637
Marcus Smart,BOS,29.0,193.04,99.79024,USA,2014,1,6,61,11.5,3.1,6.3,6.3,0.024,0.073,0.176,0.5379999999999999,0.256,2022,11.948000000000004
Mark Williams,CHA,21.0,213.36,108.86208,USA,2022,1,15,43,9.0,7.1,0.4,-4.7,0.106,0.2319999999999999,0.168,0.659,0.033,2022,9.308000000000003
Markelle Fultz,ORL,25.0,193.04,94.800728,USA,2017,1,1,60,14.0,3.9,5.7,-3.7,0.038,0.095,0.208,0.564,0.29,2022,14.508000000000004
Markieff Morris,DAL,33.0,205.74,111.13004,USA,2011,1,13,35,3.8,2.0,0.9,1.7,0.037,0.15,0.159,0.5529999999999999,0.114,2022,4.2890000000000015
Marko Simonovic,CHI,23.0,213.36,99.79024,Montenegro,2020,2,44,7,0.9,0.3,0.0,27.3,0.043,0.059,0.145,0.381,0.0,2022,1.2359999999999998
Marvin Bagley III,DET,24.0,208.28,106.59412,USA,2018,1,2,42,12.0,6.4,0.9,-10.6,0.091,0.179,0.2019999999999999,0.5870000000000001,0.0579999999999999,2022,12.099999999999996
Mason Plumlee,LAC,33.0,213.36,115.212368,USA,2013,1,22,79,10.8,8.9,3.1,-5.9,0.105,0.238,0.149,0.6890000000000001,0.166,2022,10.671999999999995
Matisse Thybulle,POR,26.0,195.58,91.171992,USA,2019,1,20,71,4.1,2.0,0.7,-0.5,0.032,0.085,0.102,0.552,0.059,2022,4.242000000000002
Matt Ryan,MIN,26.0,198.12,97.52228,USA,Undrafted,0,0,34,3.6,0.8,0.5,2.2,0.013,0.067,0.157,0.5379999999999999,0.068,2022,3.6710000000000007
Matthew Dellavedova,SAC,32.0,190.5,90.7184,Australia,Undrafted,0,0,32,1.5,0.4,1.3,-8.8,0.005,0.054,0.122,0.4429999999999999,0.2789999999999999,2022,1.584
Max Christie,LAL,20.0,195.58,86.18248,USA,2022,2,35,41,3.1,1.8,0.5,-7.1,0.012,0.126,0.1,0.5660000000000001,0.054,2022,3.117
Max Strus,MIA,27.0,195.58,97.52228,USA,Undrafted,0,0,80,11.5,3.2,2.1,-3.8,0.021,0.0969999999999999,0.17,0.557,0.115,2022,11.142999999999999
Maxi Kleber,DAL,31.0,208.28,108.86208,Germany,Undrafted,0,0,37,5.9,3.6,1.4,-2.9,0.033,0.1159999999999999,0.1,0.5920000000000001,0.079,2022,5.967999999999998
McKinley Wright IV,DAL,24.0,180.34,87.089664,USA,Undrafted,0,0,27,4.2,1.7,2.1,-14.9,0.026,0.109,0.16,0.536,0.275,2022,4.707999999999999
Meyers Leonard,MIL,31.0,213.36,117.93392,USA,2012,1,11,9,4.8,3.8,0.1,-12.5,0.103,0.195,0.14,0.652,0.012,2022,4.501999999999998
Mfiondu Kabengele,BOS,25.0,208.28,113.398,Canada,2019,1,27,4,1.5,2.5,0.0,-6.9,0.132,0.152,0.107,0.381,0.0,2022,1.7149999999999994
Malik Monk,SAC,25.0,190.5,90.7184,USA,2017,1,11,77,13.5,2.6,3.9,1.0,0.019,0.0969999999999999,0.247,0.5870000000000001,0.258,2022,15.688000000000002
Malik Beasley,LAL,26.0,193.04,84.821704,USA,2016,1,19,81,12.7,3.5,1.5,-2.2,0.016,0.1159999999999999,0.207,0.531,0.086,2022,13.687999999999997
Malcolm Hill,CHI,27.0,198.12,99.79024,USA,Undrafted,0,0,5,1.0,0.6,0.0,39.1,0.0,0.214,0.1669999999999999,0.625,0.0,2022,1.886
Malcolm Brogdon,BOS,30.0,193.04,103.872568,USA,2016,2,36,67,14.9,4.2,3.7,5.1,0.024,0.132,0.223,0.615,0.223,2022,17.86300000000001
LaMelo Ball,CHA,21.0,200.66,81.64656,USA,2020,1,3,36,23.3,6.4,8.4,-4.7,0.031,0.147,0.289,0.541,0.352,2022,21.794999999999987
Lamar Stevens,CLE,25.0,198.12,104.32616,USA,Undrafted,0,0,62,5.3,3.3,0.5,1.2,0.046,0.145,0.136,0.524,0.04,2022,4.981999999999998
Landry Shamet,PHX,26.0,193.04,86.18248,USA,2018,1,26,40,8.7,1.7,2.3,2.2,0.013,0.07,0.186,0.537,0.1669999999999999,2022,9.492999999999995
Larry Nance Jr.,NOP,30.0,203.2,111.13004,USA,2015,1,27,65,6.8,5.4,1.8,6.7,0.081,0.184,0.118,0.649,0.1169999999999999,2022,6.355000000000005
Lauri Markkanen,UTA,26.0,213.36,108.86208,Finland,2017,1,7,66,25.6,8.6,1.9,3.8,0.055,0.183,0.259,0.6409999999999999,0.086,2022,21.307999999999996
LeBron James,LAL,38.0,205.74,113.398,USA,2003,1,1,55,28.9,8.3,6.8,4.6,0.033,0.191,0.322,0.583,0.308,2022,26.64600000000001
Leandro Bolmaro,UTA,22.0,198.12,90.7184,Argentina,2020,1,23,14,0.4,0.5,0.5,0.7,0.051,0.04,0.155,0.15,0.121,2022,0.5620000000000002
Lester Quinones,GSW,22.0,193.04,94.347136,USA,Undrafted,0,0,4,2.5,0.8,0.5,14.6,0.071,0.087,0.283,0.654,0.125,2022,3.394
Lindy Waters III,OKC,25.0,198.12,95.25432,USA,Undrafted,0,0,41,5.2,1.8,0.7,10.5,0.0279999999999999,0.103,0.148,0.573,0.071,2022,5.322
Julian Champagnie,SAS,22.0,200.66,98.429464,USA,Undrafted,0,0,17,9.7,3.5,0.6,-10.6,0.027,0.147,0.181,0.6,0.043,2022,8.084999999999997
Lonnie Walker IV,LAL,24.0,193.04,92.532768,USA,2018,1,18,56,11.7,1.9,1.1,-7.3,0.011,0.069,0.198,0.57,0.071,2022,10.835000000000004
Luguentz Dort,OKC,24.0,193.04,99.79024,Canada,Undrafted,0,0,74,13.7,4.6,2.1,0.9,0.053,0.092,0.1939999999999999,0.513,0.09,2022,12.622000000000003
Luka Doncic,DAL,24.0,200.66,104.32616,Slovenia,2018,1,3,66,32.4,8.6,8.0,2.1,0.024,0.2239999999999999,0.368,0.609,0.408,2022,29.377000000000002
Luka Garza,MIN,24.0,208.28,110.222856,USA,2021,2,52,28,6.5,2.3,0.6,2.0,0.13,0.128,0.245,0.652,0.103,2022,5.169
Luka Samanic,UTA,23.0,208.28,102.965384,Croatia,2019,1,19,7,9.9,4.3,2.1,-1.7,0.0,0.161,0.193,0.55,0.115,2022,11.863999999999997
Luke Kennard,MEM,27.0,195.58,93.439952,USA,2017,1,12,59,9.3,2.7,1.5,7.3,0.012,0.104,0.144,0.684,0.091,2022,10.296
Luke Kornet,BOS,27.0,218.44,113.398,USA,Undrafted,0,0,69,3.8,2.9,0.8,3.9,0.106,0.125,0.111,0.6970000000000001,0.093,2022,3.411
Mac McClung,PHI,24.0,187.96,83.91452,USA,Undrafted,0,0,2,12.5,5.0,4.5,19.6,0.073,0.152,0.243,0.563,0.29,2022,16.285999999999994
Malachi Flynn,TOR,25.0,185.42,79.3786,USA,2020,1,29,53,4.6,1.4,1.3,-3.5,0.019,0.0969999999999999,0.168,0.479,0.145,2022,4.144000000000002
Malaki Branham,SAS,20.0,193.04,81.64656,USA,2022,1,20,66,10.2,2.7,1.9,-11.1,0.017,0.098,0.188,0.524,0.1119999999999999,2022,10.921000000000001
Louis King,PHI,24.0,200.66,92.98636,USA,Undrafted,0,0,1,20.0,4.0,2.0,5.2,0.067,0.074,0.205,0.7440000000000001,0.091,2022,15.728000000000002
Juancho Hernangomez,TOR,27.0,205.74,97.068688,Spain,2016,1,15,42,2.9,2.9,0.6,0.5,0.042,0.1689999999999999,0.092,0.504,0.051,2022,2.7469999999999986
Juan Toscano-Anderson,UTA,30.0,198.12,94.800728,USA,Undrafted,0,0,52,3.0,2.4,1.3,-9.9,0.037,0.128,0.109,0.505,0.122,2022,3.3539999999999996
Jrue Holiday,MIL,33.0,195.58,92.98636,USA,2009,1,17,67,19.3,5.1,7.4,9.2,0.035,0.107,0.244,0.586,0.321,2022,19.037999999999997
Jalen McDaniels,PHI,25.0,205.74,92.98636,USA,2019,2,52,80,9.4,4.3,1.6,-3.4,0.031,0.145,0.165,0.557,0.094,2022,10.116000000000001
Jalen Smith,IND,23.0,205.74,97.52228,USA,2020,1,10,68,9.4,5.8,1.0,-3.8,0.093,0.201,0.201,0.565,0.076,2022,9.264999999999997
Jalen Suggs,ORL,22.0,195.58,92.98636,USA,2021,1,5,53,9.9,3.0,2.9,-1.3,0.044,0.083,0.196,0.528,0.179,2022,11.557000000000007
Jalen Williams,OKC,22.0,195.58,95.707912,USA,2022,1,12,75,14.1,4.5,3.3,-1.0,0.035,0.109,0.18,0.601,0.152,2022,13.647999999999998
Jamal Cain,MIA,24.0,198.12,86.636072,USA,Undrafted,0,0,18,5.4,2.9,0.7,5.5,0.064,0.142,0.139,0.647,0.076,2022,5.1240000000000006
Jamal Murray,DEN,26.0,193.04,97.52228,Canada,2016,1,7,65,20.0,4.0,6.2,6.4,0.024,0.099,0.256,0.5710000000000001,0.265,2022,20.062
Jamaree Bouyea,WAS,24.0,187.96,81.64656,USA,Undrafted,0,0,5,3.0,1.2,0.8,-13.2,0.016,0.086,0.12,0.504,0.091,2022,3.403000000000002
James Bouknight,CHA,22.0,193.04,86.18248,USA,2021,1,11,34,5.6,2.1,1.2,-8.3,0.015,0.1159999999999999,0.192,0.4629999999999999,0.1169999999999999,2022,5.628999999999999
James Harden,PHI,33.0,195.58,99.79024,USA,2009,1,3,58,21.0,6.1,10.7,6.1,0.021,0.151,0.247,0.607,0.439,2022,18.695999999999998
James Johnson,IND,36.0,200.66,108.86208,USA,2009,1,16,18,2.8,1.7,0.8,-1.1,0.022,0.173,0.152,0.486,0.135,2022,3.038000000000001
James Wiseman,DET,22.0,213.36,108.86208,USA,2020,1,2,45,10.0,5.9,0.7,-17.2,0.084,0.231,0.212,0.589,0.057,2022,9.799999999999997
Jared Butler,OKC,22.0,190.5,87.543256,USA,2021,2,40,6,6.2,0.7,1.3,2.6,0.013,0.034,0.208,0.578,0.16,2022,5.138
Jared Rhoden,DET,23.0,198.12,95.25432,USA,Undrafted,0,0,14,3.2,2.6,0.3,4.3,0.055,0.135,0.106,0.482,0.0279999999999999,2022,2.9739999999999998
Jaren Jackson Jr.,MEM,23.0,208.28,109.769264,USA,2018,1,4,63,18.6,6.8,1.0,9.8,0.0579999999999999,0.159,0.243,0.613,0.048,2022,17.379000000000005
Jarred Vanderbilt,LAL,24.0,203.2,97.068688,USA,2018,2,41,78,7.9,7.5,2.4,-1.5,0.09,0.216,0.136,0.604,0.134,2022,8.532
Jarrell Brantley,UTA,27.0,195.58,113.398,USA,2019,2,50,4,5.5,1.5,0.8,16.2,0.02,0.093,0.172,0.7390000000000001,0.125,2022,4.8199999999999985
Jarrett Allen,CLE,25.0,205.74,110.222856,USA,2017,1,22,68,14.3,9.8,1.7,7.7,0.107,0.21,0.162,0.67,0.073,2022,13.140999999999995
Jarrett Culver,ATL,24.0,198.12,88.45044,USA,2019,1,6,10,4.4,3.8,0.6,-5.7,0.065,0.2189999999999999,0.1639999999999999,0.452,0.055,2022,4.101
Jason Preston,LAC,23.0,190.5,82.10015200000001,USA,2021,2,33,14,2.9,1.6,1.9,-1.6,0.0139999999999999,0.175,0.166,0.489,0.307,2022,4.141999999999999
Jalen Johnson,ATL,21.0,203.2,99.336648,USA,2021,1,20,70,5.6,4.0,1.2,0.3,0.047,0.214,0.156,0.5539999999999999,0.106,2022,6.142999999999997
Jalen Green,HOU,21.0,193.04,84.368112,USA,2021,1,2,76,22.1,3.7,3.7,-8.7,0.016,0.093,0.2739999999999999,0.5379999999999999,0.1689999999999999,2022,20.168999999999993
Jalen Duren,DET,19.0,210.82,113.398,USA,2022,1,13,67,9.1,8.9,1.1,-8.3,0.13,0.221,0.139,0.655,0.069,2022,8.872999999999998
Jalen Brunson,NYK,26.0,187.96,86.18248,USA,2018,2,33,68,24.0,3.5,6.2,2.1,0.016,0.085,0.266,0.597,0.28,2022,21.462999999999994
Isaiah Todd,WAS,21.0,205.74,99.336648,USA,2021,2,31,6,1.5,2.0,0.7,-6.7,0.027,0.152,0.143,0.226,0.087,2022,1.6400000000000003
Ish Smith,DEN,34.0,182.88,79.3786,USA,Undrafted,0,0,43,2.5,1.3,2.3,-5.3,0.0139999999999999,0.1159999999999999,0.187,0.407,0.352,2022,3.2660000000000013
Ish Wainright,PHX,28.0,195.58,113.398,USA,Undrafted,0,0,60,4.2,2.3,0.9,6.1,0.045,0.0969999999999999,0.1169999999999999,0.522,0.075,2022,4.555000000000002
Ivica Zubac,LAC,26.0,213.36,108.86208,Croatia,2016,2,32,76,10.8,9.9,1.0,-0.6,0.114,0.238,0.149,0.6609999999999999,0.05,2022,10.538999999999996
JD Davison,BOS,20.0,185.42,88.45044,USA,2022,2,53,12,1.6,0.8,0.9,-5.8,0.033,0.093,0.157,0.478,0.2339999999999999,2022,2.005000000000001
JT Thor,CHA,20.0,205.74,92.079176,USA,2021,2,37,69,3.8,2.2,0.5,-7.5,0.035,0.115,0.13,0.506,0.054,2022,3.9629999999999996
Ja Morant,MEM,23.0,187.96,78.92500799999999,USA,2019,1,2,61,26.2,5.9,8.1,7.3,0.0289999999999999,0.139,0.3379999999999999,0.557,0.412,2022,27.72299999999999
JaVale McGee,DAL,35.0,213.36,122.46984,USA,2008,1,18,42,4.4,2.5,0.3,-7.3,0.086,0.1989999999999999,0.214,0.65,0.051,2022,4.447
Jabari Smith Jr.,HOU,20.0,210.82,99.79024,USA,2022,1,3,79,12.8,7.2,1.3,-11.3,0.047,0.18,0.183,0.514,0.059,2022,11.681000000000001
Javonte Green,CHI,29.0,195.58,92.98636,USA,Undrafted,0,0,32,5.2,2.8,0.7,5.9,0.057,0.119,0.128,0.6459999999999999,0.062,2022,5.224999999999999
Jabari Walker,POR,20.0,200.66,90.7184,USA,2022,2,57,56,3.9,2.3,0.6,-9.0,0.074,0.135,0.1639999999999999,0.496,0.08,2022,4.086999999999996
Jacob Gilyard,MEM,24.0,175.26,72.57472,USA,Undrafted,0,0,1,3.0,4.0,7.0,-14.9,0.0,0.095,0.052,0.5,0.212,2022,5.451000000000002
Jaden Hardy,DAL,20.0,190.5,89.811216,USA,2022,2,37,48,8.8,1.9,1.4,-3.1,0.015,0.106,0.248,0.5710000000000001,0.147,2022,9.375999999999998
Jaden Ivey,DET,21.0,193.04,88.45044,USA,2022,1,5,74,16.3,3.9,5.2,-13.0,0.03,0.094,0.251,0.528,0.2689999999999999,2022,18.045000000000005
Jaden McDaniels,MIN,22.0,205.74,83.91452,USA,2020,1,28,79,12.1,3.9,1.9,2.0,0.039,0.086,0.156,0.611,0.0819999999999999,2022,11.502
Jaden Springer,PHI,20.0,193.04,91.625584,USA,2021,1,28,16,2.6,0.9,0.5,-2.1,0.063,0.091,0.188,0.545,0.129,2022,2.713
Jae Crowder,MIL,32.0,198.12,106.59412,USA,2012,2,34,18,6.9,3.8,1.5,-0.8,0.046,0.134,0.125,0.624,0.102,2022,6.084999999999996
Jae'Sean Tate,HOU,27.0,195.58,104.32616,USA,Undrafted,0,0,31,9.1,3.8,2.7,-7.3,0.054,0.114,0.178,0.546,0.184,2022,9.673
Jake LaRavia,MEM,21.0,200.66,106.59412,USA,2022,1,19,35,3.0,1.8,0.6,-7.6,0.044,0.1,0.1169999999999999,0.531,0.068,2022,3.551999999999999
Jakob Poeltl,TOR,27.0,215.9,111.13004,Austria,2016,1,9,72,12.5,9.1,2.7,-3.1,0.1169999999999999,0.24,0.18,0.635,0.146,2022,13.292999999999996
Jack White,DEN,25.0,200.66,102.0582,Australia,Undrafted,0,0,17,1.2,1.0,0.2,-14.1,0.086,0.177,0.133,0.517,0.093,2022,1.18
Isaiah Roby,NYK,25.0,203.2,104.32616,USA,2019,2,45,42,4.1,2.6,0.9,-10.4,0.04,0.188,0.173,0.497,0.114,2022,4.533000000000002
Jaxson Hayes,NOP,23.0,213.36,99.79024,USA,2019,1,8,47,5.0,2.8,0.7,-5.4,0.0579999999999999,0.153,0.149,0.605,0.088,2022,4.385999999999998
Jay Scrubb,ORL,22.0,195.58,99.79024,USA,2020,2,55,2,6.5,3.0,0.5,-28.5,0.0,0.3,0.151,0.825,0.0559999999999999,2022,4.416
Jonas Valanciunas,NOP,31.0,210.82,120.20188,Lithuania,2011,1,5,79,14.1,10.2,1.8,-0.7,0.115,0.293,0.2289999999999999,0.61,0.108,2022,17.230999999999987
Jonathan Isaac,ORL,25.0,208.28,104.32616,USA,2017,1,6,11,5.0,4.0,0.5,-5.8,0.099,0.25,0.198,0.483,0.085,2022,4.930000000000001
Jonathan Kuminga,GSW,20.0,200.66,102.0582,DRC,2021,1,7,67,9.9,3.4,1.9,-1.4,0.052,0.113,0.195,0.597,0.132,2022,10.691999999999997
Jordan Clarkson,UTA,31.0,195.58,87.996848,USA,2014,2,46,61,20.8,4.0,4.4,0.8,0.036,0.083,0.273,0.5579999999999999,0.209,2022,21.471000000000004
Jordan Goodwin,WAS,24.0,190.5,90.7184,USA,Undrafted,0,0,62,6.6,3.3,2.7,-4.5,0.05,0.131,0.165,0.531,0.22,2022,8.118000000000002
Jordan Hall,SAS,21.0,200.66,97.52228,USA,Undrafted,0,0,9,3.1,1.3,1.2,-13.1,0.033,0.129,0.1969999999999999,0.4379999999999999,0.22,2022,3.2499999999999996
Jordan McLaughlin,MIN,27.0,182.88,83.91452,USA,Undrafted,0,0,43,3.7,1.4,3.4,5.8,0.022,0.065,0.1119999999999999,0.526,0.264,2022,4.238000000000002
Jordan Nwora,IND,24.0,205.74,102.0582,USA,2020,2,45,62,8.7,3.7,1.4,-10.2,0.0409999999999999,0.147,0.187,0.561,0.107,2022,9.325
Jordan Poole,GSW,24.0,193.04,87.996848,USA,2019,1,28,82,20.4,2.7,4.5,-0.8,0.013,0.073,0.282,0.573,0.2339999999999999,2022,20.840999999999994
Jordan Schakel,WAS,25.0,198.12,90.7184,USA,Undrafted,0,0,2,1.5,0.0,0.5,50.0,0.0,0.0,0.154,0.75,0.1669999999999999,2022,2.2470000000000008
Jose Alvarado,NOP,25.0,182.88,81.19296800000001,USA,Undrafted,0,0,61,9.0,2.3,3.0,3.7,0.022,0.087,0.191,0.525,0.1989999999999999,2022,9.193000000000003
Josh Christopher,HOU,21.0,193.04,97.52228,USA,2021,1,24,64,5.8,1.1,1.1,-13.9,0.024,0.068,0.215,0.523,0.149,2022,5.506
Josh Giddey,OKC,20.0,203.2,97.975872,Australia,2021,1,6,76,16.6,7.9,6.2,-2.2,0.0579999999999999,0.1889999999999999,0.239,0.5329999999999999,0.293,2022,17.450000000000006
Josh Green,DAL,22.0,200.66,90.7184,Australia,2020,1,18,60,9.1,3.0,1.7,2.5,0.037,0.087,0.14,0.645,0.096,2022,9.384000000000002
Josh Hart,NYK,28.0,193.04,97.52228,USA,2017,1,30,76,9.8,7.8,3.8,5.9,0.06,0.185,0.124,0.622,0.154,2022,7.879999999999998
Josh Minott,MIN,20.0,203.2,92.98636,USA,2022,2,45,15,3.1,1.7,0.3,10.4,0.054,0.1939999999999999,0.176,0.5820000000000001,0.065,2022,2.4050000000000007
Josh Okogie,PHX,24.0,193.04,96.615096,Nigeria,2018,1,20,72,7.3,3.5,1.5,4.9,0.078,0.102,0.174,0.531,0.104,2022,9.503000000000002
Josh Richardson,NOP,29.0,198.12,90.7184,USA,2015,2,40,65,10.1,2.7,2.7,-5.2,0.026,0.087,0.18,0.555,0.16,2022,10.741999999999997
Joshua Primo,SAS,20.0,198.12,85.728888,Canada,2021,1,12,4,7.0,3.3,4.5,1.7,0.019,0.113,0.173,0.467,0.237,2022,7.9600000000000035
Johnny Juzang,UTA,22.0,198.12,94.800728,USA,Undrafted,0,0,18,4.8,2.2,0.4,-17.7,0.0289999999999999,0.122,0.187,0.411,0.051,2022,3.9600000000000013
Johnny Davis,WAS,21.0,193.04,88.45044,USA,2022,1,10,28,5.8,2.3,1.0,-6.2,0.02,0.125,0.192,0.446,0.1,2022,5.845999999999999
John Wall,LAC,32.0,190.5,95.25432,USA,2010,1,1,34,11.4,2.7,5.2,-6.6,0.018,0.096,0.259,0.497,0.38,2022,13.851000000000004
John Konchar,MEM,27.0,195.58,95.25432,USA,Undrafted,0,0,72,5.1,4.3,1.4,7.0,0.04,0.152,0.1,0.542,0.0819999999999999,2022,5.640000000000006
Jaylen Brown,BOS,26.0,198.12,101.151016,USA,2016,1,3,67,26.6,6.9,3.5,5.4,0.032,0.152,0.307,0.581,0.163,2022,26.40300000000001
Jaylen Nowell,MIN,23.0,193.04,91.171992,USA,2019,2,43,65,10.8,2.6,2.0,0.0,0.0279999999999999,0.107,0.238,0.527,0.156,2022,11.374
Jaylin Williams,OKC,21.0,205.74,108.86208,USA,2022,2,34,49,5.9,4.9,1.6,-4.6,0.045,0.23,0.133,0.5589999999999999,0.109,2022,6.704000000000001
Jayson Tatum,BOS,25.0,203.2,95.25432,USA,2017,1,3,74,30.1,8.8,4.6,8.5,0.0289999999999999,0.2,0.319,0.607,0.205,2022,27.931999999999988
Jeenathan Williams,POR,24.0,195.58,92.98636,USA,Undrafted,0,0,5,10.6,3.0,2.0,-11.0,0.07,0.039,0.139,0.657,0.1,2022,9.37
Jeff Dowtin Jr.,TOR,26.0,190.5,80.28578399999998,USA,Undrafted,0,0,25,2.4,0.9,1.2,-0.6,0.022,0.069,0.106,0.5,0.154,2022,2.0539999999999994
Jeff Green,DEN,36.0,203.2,106.59412,USA,2007,1,5,56,7.8,2.6,1.2,-8.0,0.035,0.096,0.1669999999999999,0.5760000000000001,0.095,2022,7.953999999999999
Jerami Grant,POR,29.0,203.2,95.25432,USA,2014,2,39,63,20.5,4.5,2.4,-1.2,0.025,0.104,0.2269999999999999,0.606,0.103,2022,19.384999999999994
Jeremiah Robinson-Earl,OKC,22.0,203.2,108.86208,USA,2021,2,32,43,6.8,4.2,1.0,-0.9,0.0819999999999999,0.129,0.143,0.5479999999999999,0.069,2022,6.698
Jay Huff,WAS,25.0,215.9,108.86208,USA,Undrafted,0,0,7,7.3,3.0,1.4,-1.1,0.06,0.153,0.155,0.7959999999999999,0.135,2022,7.0139999999999985
Jeremy Sochan,SAS,20.0,203.2,104.32616,Poland,2022,1,9,56,11.0,5.3,2.5,-7.0,0.06,0.14,0.195,0.509,0.132,2022,10.652000000000003
Jevon Carter,MIL,27.0,185.42,90.7184,USA,2018,2,32,81,8.0,2.5,2.4,1.9,0.018,0.084,0.149,0.56,0.15,2022,9.193999999999999
Jimmy Butler,MIA,33.0,200.66,104.32616,USA,2011,1,30,64,22.9,5.9,5.3,1.2,0.068,0.121,0.248,0.647,0.264,2022,19.095000000000002
Jock Landale,PHX,27.0,210.82,115.66596,Australia,Undrafted,0,0,69,6.6,4.1,1.0,7.9,0.114,0.1639999999999999,0.182,0.595,0.1009999999999999,2022,6.918000000000001
Joe Harris,BKN,31.0,198.12,99.79024,USA,2014,2,33,74,7.6,2.2,1.4,-1.0,0.016,0.089,0.141,0.621,0.091,2022,7.294999999999998
Joe Ingles,MIL,35.0,205.74,99.79024,Australia,Undrafted,0,0,46,6.9,2.8,3.3,2.5,0.012,0.102,0.122,0.616,0.181,2022,6.6730000000000045
Joe Wieskamp,TOR,23.0,198.12,92.98636,USA,2021,2,41,9,1.0,0.4,0.3,1.0,0.0,0.068,0.115,0.321,0.083,2022,0.7780000000000004
Joel Embiid,PHI,29.0,213.36,127.00576,Cameroon,2014,1,3,66,33.1,10.2,4.2,8.8,0.057,0.243,0.37,0.655,0.233,2022,30.25699999999999
John Butler Jr.,POR,20.0,213.36,86.18248,USA,Undrafted,0,0,19,2.4,0.9,0.6,-16.1,0.012,0.065,0.102,0.411,0.066,2022,2.338
John Collins,ATL,25.0,205.74,102.511792,USA,2017,1,19,71,13.1,6.5,1.2,-0.2,0.035,0.18,0.168,0.593,0.052,2022,12.018999999999998
Jericho Sims,NYK,24.0,208.28,113.398,USA,2021,2,58,52,3.4,4.7,0.5,-6.7,0.1169999999999999,0.175,0.074,0.78,0.044,2022,2.985999999999999
JaMychal Green,GSW,33.0,205.74,102.965384,USA,Undrafted,0,0,57,6.4,3.6,0.9,-8.2,0.087,0.1639999999999999,0.1689999999999999,0.65,0.094,2022,6.7100000000000035
